task,case_id,locked_row_1based,dataset_split,experiment_split,nodes,new,transformed,preserved,factual_task_score,factual_loss,saved_replay_pairs
hotpotqa,hotpot:5a738fe855429908901be2fb,1,validation,discovery,11,7,6,10,1.0,0.0,3
hotpotqa,hotpot:5a8843a455429938390d3f0c,2,validation,discovery,22,11,7,14,1.0,0.0,6
hotpotqa,hotpot:5ab7f7465542993667794071,3,validation,discovery,14,9,7,8,0.8571428571428571,0.1428571428571429,5
hotpotqa,hotpot:5ac473e4554299204fd21f54,4,validation,discovery,19,18,6,14,1.0,0.0,1
hotpotqa,hotpot:5adc51375542996e68525300,5,validation,validation,23,11,7,13,1.0,0.0,3
hotpotqa,hotpot:5a80d1ce554299260e20a178,6,validation,discovery,11,9,8,9,1.0,0.0,5
hotpotqa,hotpot:5a7211e655429971e9dc923c,7,validation,discovery,25,11,7,13,1.0,0.0,4
hotpotqa,hotpot:5adf49935542993a75d26491,8,validation,discovery,34,14,18,12,1.0,0.0,5
hotpotqa,hotpot:5a8a5a1955429930ff3c0da7,9,validation,discovery,13,8,5,13,1.0,0.0,1
hotpotqa,hotpot:5a7b9fac554299294a54aa2f,10,validation,discovery,9,7,3,12,1.0,0.0,3
hotpotqa,hotpot:5ae1d0e8554299234fd0430a,11,validation,validation,16,5,7,10,0.5,0.5,4
hotpotqa,hotpot:5abec2ca5542997719eab5b9,12,validation,discovery,10,9,8,11,1.0,0.0,2
hotpotqa,hotpot:5a7c38c955429935c91b5132,13,validation,validation,14,10,4,10,1.0,0.0,7
hotpotqa,hotpot:5abaad5855429901930fa88f,14,validation,discovery,9,9,4,12,0.0,1.0,3
hotpotqa,hotpot:5a903b7f55429933b8a204af,15,validation,validation,16,14,8,10,1.0,0.0,12
hotpotqa,hotpot:5ab7484c5542992aa3b8c80d,16,validation,discovery,9,6,7,13,1.0,0.0,2
hotpotqa,hotpot:5abc5603554299700f9d7875,17,validation,discovery,15,6,6,16,1.0,0.0,0
hotpotqa,hotpot:5ac298f9554299657fa28fc9,18,validation,validation,24,15,3,18,0.125,0.875,0
hotpotqa,hotpot:5ac19d4c55429963665198bb,19,validation,discovery,15,12,5,17,1.0,0.0,1
hotpotqa,hotpot:5a7797a555429967ab105208,20,validation,validation,14,12,6,14,1.0,0.0,0
hotpotqa,hotpot:5a80840f554299485f59863b,21,validation,validation,26,18,7,11,1.0,0.0,1
hotpotqa,hotpot:5ac0d1555542997d64295a5d,22,validation,discovery,16,8,9,9,1.0,0.0,0
hotpotqa,hotpot:5ae09ec055429924de1b7116,23,validation,validation,21,12,5,11,1.0,0.0,6
hotpotqa,hotpot:5adf3feb5542993a75d2644c,24,validation,validation,32,16,13,17,1.0,0.0,9
hotpotqa,hotpot:5ab815865542995dae37ea2d,25,validation,validation,23,10,6,15,0.5,0.5,1
hotpotqa,hotpot:5aba749055429901930fa7d8,26,validation,validation,14,6,5,15,1.0,0.0,1
hotpotqa,hotpot:5abfea825542994516f45527,27,validation,validation,10,8,5,10,1.0,0.0,4
hotpotqa,hotpot:5ab1ebff5542993be8fa9882,28,validation,validation,30,20,13,23,1.0,0.0,0
hotpotqa,hotpot:5abe87cb5542993f32c2a156,29,validation,validation,11,9,5,9,0.0,1.0,1
hotpotqa,hotpot:5ae0432a55429924de1b7081,30,validation,discovery,14,7,6,9,1.0,0.0,2
hotpotqa,hotpot:5ab294a6554299545a2cf9a6,31,validation,discovery,23,19,3,9,0.0,1.0,4
hotpotqa,hotpot:5add23d05542994734353871,32,validation,validation,14,8,10,10,0.0,1.0,5
hotpotqa,hotpot:5a74c6a655429974ef308c5d,33,validation,validation,12,12,6,12,0.0,1.0,2
hotpotqa,hotpot:5a72ac8a5542992359bc3164,34,validation,discovery,30,11,13,16,0.0,1.0,3
hotpotqa,hotpot:5ab463da5542990594ba9c0d,35,validation,discovery,18,9,3,17,1.0,0.0,2
hotpotqa,hotpot:5a8ea7f25542995085b37468,36,validation,validation,23,8,10,10,1.0,0.0,6
hotpotqa,hotpot:5ade09a15542995b365fabdf,37,validation,validation,11,9,5,12,0.8,0.19999999999999996,0
hotpotqa,hotpot:5a9052765542995651fb513d,38,validation,discovery,25,9,5,17,0.8,0.19999999999999996,1
hotpotqa,hotpot:5a841b215542990548d0b25b,39,validation,discovery,12,6,6,11,0.5714285714285715,0.4285714285714285,5
hotpotqa,hotpot:5a8dfae55542995085b3736b,40,validation,discovery,14,10,8,9,1.0,0.0,1
hotpotqa,hotpot:5a8d1f015542994ba4e3dc08,41,validation,discovery,16,8,3,18,1.0,0.0,1
hotpotqa,hotpot:5add24375542992c1e3a2542,42,validation,validation,15,9,6,11,1.0,0.0,4
hotpotqa,hotpot:5a84fd085542994c784ddaba,43,validation,discovery,13,6,5,10,0.0,1.0,2
hotpotqa,hotpot:5a7e3117554299495941991b,44,validation,discovery,18,12,8,12,1.0,0.0,1
hotpotqa,hotpot:5a7d26fd554299452d57bb2a,45,validation,discovery,23,8,10,12,0.375,0.625,1
hotpotqa,hotpot:5ae1d656554299234fd04322,46,validation,discovery,10,7,5,11,1.0,0.0,2
hotpotqa,hotpot:5a7b971255429927d897bff3,47,validation,discovery,29,15,7,17,0.0,1.0,1
hotpotqa,hotpot:5a865e8a55429960ec39b67a,48,validation,validation,16,13,9,11,1.0,0.0,1
hotpotqa,hotpot:5a719bf25542994082a3e891,49,validation,discovery,24,8,7,14,0.0,1.0,1
hotpotqa,hotpot:5aba8d4655429901930fa82b,50,validation,discovery,26,16,9,13,1.0,0.0,2
tatqa,tatqa:9634107c-5ee5-4ad0-bc6e-47d6651b4d07,1,dev,discovery,13,15,5,16,1.0,0.0,0
tatqa,tatqa:44e19675-9b48-4930-b682-438a516489aa,2,dev,discovery,20,15,10,16,0.0,1.0,5
tatqa,tatqa:c5a8edfd-93eb-4e95-a787-1bebe231c7c7,3,dev,discovery,17,12,4,11,1.0,0.0,3
tatqa,tatqa:49015c16-be28-4fb6-be59-7fd595c94c8d,4,dev,validation,18,15,7,17,0.0,1.0,1
tatqa,tatqa:f036c54e-3e90-4740-bf34-bf175c9c7a4a,5,dev,discovery,16,14,4,9,1.0,0.0,1
tatqa,tatqa:e9e9c94b-9e83-418e-a6b1-9ec77dc80287,6,dev,discovery,12,11,4,10,0.5,0.5,2
tatqa,tatqa:1564df87-7658-4b60-8f1e-1ac808265704,7,dev,discovery,26,22,8,7,0.5977011494252873,0.4022988505747127,14
tatqa,tatqa:0b7463b3-ed9e-47a0-b838-b26e0ab886eb,8,dev,discovery,23,11,3,20,0.0,1.0,2
tatqa,tatqa:0388b022-13e2-4eac-93b3-f6ded1b9fb67,9,dev,discovery,26,11,10,17,1.0,0.0,2
tatqa,tatqa:520740d2-1345-496c-9013-1bbe687913aa,10,dev,discovery,14,8,3,14,1.0,0.0,1
tatqa,tatqa:54df78bf-1e81-4ebe-ba8d-278fee472ffd,11,dev,validation,26,15,6,19,0.0,1.0,3
tatqa,tatqa:99fd8872-7580-4480-887d-6c19ccbdf19d,12,dev,validation,22,16,7,5,0.0,1.0,5
tatqa,tatqa:b8e468a0-b2a2-4673-adf5-105ce2410bcc,13,dev,discovery,23,14,4,16,1.0,0.0,2
tatqa,tatqa:2996d8a9-8fdc-46f7-9a6b-443663c6f03c,14,dev,discovery,24,17,5,9,0.6666666666666666,0.33333333333333337,4
tatqa,tatqa:fe11f001-3bfe-4089-8108-412676f0a780,15,dev,discovery,18,11,11,15,1.0,0.0,1
tatqa,tatqa:a9ecc9dd-8348-43b1-a968-e456e1cd2040,16,dev,validation,20,11,3,16,0.0,1.0,1
tatqa,tatqa:258ca40e-3191-4132-9405-edb2cad6e57c,17,dev,discovery,15,12,5,13,1.0,0.0,5
tatqa,tatqa:0acd91f8-5235-4173-800b-e1208ee9c717,18,dev,validation,30,18,16,17,0.0,1.0,5
tatqa,tatqa:44a4d552-75bf-435f-b476-dda50cdbed7a,19,dev,validation,19,18,5,13,1.0,0.0,1
tatqa,tatqa:d3be0784-57f7-4545-bc48-6928d7a5e778,20,dev,validation,14,14,7,16,0.0,1.0,3
tatqa,tatqa:632eb98b-be1c-4a69-89cf-36090c0a6c36,21,dev,discovery,12,10,4,19,1.0,0.0,1
tatqa,tatqa:259e18e8-4738-4f4d-b625-e352ca78a136,22,dev,discovery,12,11,5,18,1.0,0.0,1
tatqa,tatqa:9579685b-84d4-40e9-85d7-ff61a8695d32,23,dev,discovery,20,13,5,15,1.0,0.0,4
tatqa,tatqa:378b81b7-c7d6-46f9-aca6-58729440a889,24,dev,discovery,22,15,3,17,0.0,1.0,2
tatqa,tatqa:b39b7bdd-0496-4131-a0e8-69b9f077eeda,25,dev,discovery,20,12,4,12,0.4,0.6,2
tatqa,tatqa:f88c39d3-3a3b-4b79-bf6e-0eb1bc708a3e,26,dev,validation,13,10,2,10,1.0,0.0,4
tatqa,tatqa:8e124102-222d-4757-8aab-f4859a70f312,27,dev,validation,17,14,6,8,0.923076923076923,0.07692307692307698,3
tatqa,tatqa:6514b16b-bdc1-4fa7-8e3a-3ec766713975,28,dev,validation,23,16,9,20,0.0,1.0,3
tatqa,tatqa:9307945c-0f8a-4ab8-8f5a-c5ee43b4d6d7,29,dev,discovery,15,12,7,16,1.0,0.0,0
tatqa,tatqa:8c38b541-2093-416e-82c5-a107e8928782,30,dev,validation,29,21,14,20,0.0,1.0,3
tatqa,tatqa:8ec820df-f01d-4333-b97f-2f23a6826507,31,dev,validation,18,13,5,11,1.0,0.0,2
tatqa,tatqa:cad9978d-eabb-461c-8ab8-a46a7819a5b1,32,dev,discovery,25,11,8,22,0.0,1.0,3
tatqa,tatqa:6fc46e0a-c688-4de3-81f6-f0f9063b1bd7,33,dev,validation,16,13,2,12,0.972972972972973,0.027027027027026973,4
tatqa,tatqa:643cfcef-6d2c-4df7-b538-3588e28b58e1,34,dev,discovery,19,15,4,18,1.0,0.0,5
tatqa,tatqa:348d031d-73ab-4b35-af46-998cfef25775,35,dev,validation,20,13,12,20,1.0,0.0,3
tatqa,tatqa:86d471b0-2a47-48ce-85c3-0185d04d5272,36,dev,discovery,18,16,11,16,0.0,1.0,0
tatqa,tatqa:013e5aae-eb18-41c6-9781-f5cd6c078e38,37,dev,discovery,24,17,9,19,0.0,1.0,2
tatqa,tatqa:23801627-ff77-4597-8d24-1c99e2452082,38,dev,discovery,26,16,7,15,0.33333333333333337,0.6666666666666666,3
tatqa,tatqa:0550ae54-99f4-4b87-b1a7-11d402a94918,39,dev,discovery,11,14,5,15,1.0,0.0,3
tatqa,tatqa:e46197ab-25b7-4ecc-8717-50d84c336019,40,dev,discovery,24,19,5,17,1.0,0.0,3
tatqa,tatqa:4b63994e-6645-4dd6-8132-5c6773cf7362,41,dev,discovery,15,12,5,12,1.0,0.0,1
tatqa,tatqa:f9f60b5b-777c-4e3e-a2d2-813da49f9459,42,dev,validation,19,11,4,16,0.0,1.0,4
tatqa,tatqa:3109048c-86f4-4be4-85b4-39e43d24a502,43,dev,validation,26,20,3,16,0.0,1.0,3
tatqa,tatqa:eccadabb-b970-47f6-8537-27907d2408c6,44,dev,discovery,13,12,5,11,0.0,1.0,0
tatqa,tatqa:8c0bb13b-4ba4-4349-a697-dd2ab11723f8,45,dev,validation,20,16,6,18,0.5,0.5,1
tatqa,tatqa:51ba81d0-3a0f-47a2-9ef2-667303127449,46,dev,discovery,14,9,6,13,0.0,1.0,2
tatqa,tatqa:97125a03-6fc4-4782-a1d7-77fea738df4f,47,dev,validation,17,17,3,11,1.0,0.0,6
tatqa,tatqa:ce0d6bdf-3376-4c28-99ce-1a765f22aa84,48,dev,discovery,13,10,5,8,0.0,1.0,2
tatqa,tatqa:54dd0e9e-c525-4bea-8bd7-b292e9dd9be3,49,dev,validation,14,10,7,21,1.0,0.0,0
tatqa,tatqa:8ada4c33-1bde-46cf-95ec-dc7938cd7521,50,dev,validation,25,13,8,18,1.0,0.0,3
legal_hearsay,hearsay:14,1,test,validation,18,8,13,11,1.0,0.0,5
legal_hearsay,hearsay:73,2,test,discovery,24,15,8,15,1.0,0.0,0
legal_hearsay,hearsay:89,3,test,discovery,21,10,15,14,0.0,1.0,2
legal_hearsay,hearsay:49,4,test,validation,18,14,12,13,1.0,0.0,5
legal_hearsay,hearsay:28,5,test,discovery,30,14,15,18,0.0,1.0,1
legal_hearsay,hearsay:3,6,test,discovery,25,10,14,13,1.0,0.0,4
legal_hearsay,hearsay:71,7,test,validation,17,10,9,14,1.0,0.0,1
legal_hearsay,hearsay:83,8,test,validation,25,16,12,11,1.0,0.0,8
legal_hearsay,hearsay:50,9,test,discovery,16,9,11,13,1.0,0.0,3
legal_hearsay,hearsay:25,10,test,discovery,21,11,14,12,1.0,0.0,3
legal_hearsay,hearsay:8,11,test,discovery,22,11,12,16,1.0,0.0,1
legal_hearsay,hearsay:68,12,test,discovery,32,14,17,15,0.0,1.0,3
legal_hearsay,hearsay:86,13,test,discovery,26,17,12,14,0.0,1.0,2
legal_hearsay,hearsay:41,14,test,discovery,21,13,11,11,1.0,0.0,2
legal_hearsay,hearsay:21,15,test,discovery,31,15,13,15,1.0,0.0,1
legal_hearsay,hearsay:2,16,test,discovery,24,13,12,9,1.0,0.0,8
legal_hearsay,hearsay:67,17,test,discovery,19,14,9,11,1.0,0.0,1
legal_hearsay,hearsay:76,18,test,validation,22,13,10,13,0.0,1.0,1
legal_hearsay,hearsay:33,19,test,validation,19,12,12,15,1.0,0.0,0
legal_hearsay,hearsay:32,20,test,discovery,21,12,11,10,1.0,0.0,7
legal_hearsay,hearsay:4,21,test,discovery,18,10,11,14,1.0,0.0,2
legal_hearsay,hearsay:66,22,test,discovery,24,11,15,15,1.0,0.0,1
legal_hearsay,hearsay:74,23,test,validation,27,17,14,16,0.0,1.0,7
legal_hearsay,hearsay:57,24,test,validation,22,11,14,14,1.0,0.0,2
legal_hearsay,hearsay:20,25,test,validation,22,10,16,10,1.0,0.0,1
legal_hearsay,hearsay:9,26,test,validation,23,17,10,18,0.0,1.0,8
legal_hearsay,hearsay:69,27,test,validation,26,11,19,13,1.0,0.0,1
legal_hearsay,hearsay:47,28,test,validation,30,20,13,13,0.0,1.0,1
legal_hearsay,hearsay:55,29,test,validation,27,14,11,14,1.0,0.0,7
legal_hearsay,hearsay:29,30,test,discovery,23,9,14,15,0.0,1.0,2
legal_hearsay,hearsay:1,31,test,discovery,20,9,11,13,1.0,0.0,4
legal_hearsay,hearsay:70,32,test,discovery,27,11,18,10,1.0,0.0,7
legal_hearsay,hearsay:92,33,test,discovery,21,10,10,16,1.0,0.0,0
legal_hearsay,hearsay:39,34,test,discovery,26,17,15,12,1.0,0.0,8
legal_hearsay,hearsay:27,35,test,validation,24,10,17,12,1.0,0.0,1
legal_hearsay,hearsay:15,36,test,discovery,25,15,13,12,0.0,1.0,6
legal_hearsay,hearsay:62,37,test,discovery,27,14,12,11,1.0,0.0,4
legal_hearsay,hearsay:91,38,test,discovery,27,15,12,10,0.0,1.0,2
legal_hearsay,hearsay:56,39,test,discovery,30,20,13,18,1.0,0.0,3
legal_hearsay,hearsay:31,40,test,discovery,26,13,14,16,1.0,0.0,1
legal_hearsay,hearsay:0,41,test,validation,31,17,17,11,1.0,0.0,7
legal_hearsay,hearsay:61,42,test,discovery,17,13,10,12,1.0,0.0,2
legal_hearsay,hearsay:82,43,test,validation,34,13,16,19,0.0,1.0,2
legal_hearsay,hearsay:59,44,test,validation,23,10,14,14,1.0,0.0,3
legal_hearsay,hearsay:22,45,test,validation,21,10,13,17,1.0,0.0,6
legal_hearsay,hearsay:5,46,test,validation,15,10,9,12,1.0,0.0,0
legal_hearsay,hearsay:65,47,test,discovery,28,15,17,11,0.0,1.0,7
legal_hearsay,hearsay:72,48,test,discovery,29,14,15,14,0.0,1.0,9
legal_hearsay,hearsay:40,49,test,discovery,20,14,9,15,1.0,0.0,0
legal_hearsay,hearsay:26,50,test,validation,20,10,16,17,0.0,1.0,0
scifact,scifact:743,1,dev,discovery,15,13,6,9,1.0,0.0,0
scifact,scifact:637,2,dev,validation,23,14,6,16,1.0,0.0,6
scifact,scifact:1104,3,dev,discovery,15,18,4,10,1.0,0.0,2
scifact,scifact:1232,4,dev,discovery,18,16,6,8,1.0,0.0,4
scifact,scifact:1196,5,dev,discovery,24,16,10,9,1.0,0.0,7
scifact,scifact:298,6,dev,validation,16,9,7,11,1.0,0.0,0
scifact,scifact:993,7,dev,discovery,25,16,10,14,1.0,0.0,7
scifact,scifact:914,8,dev,validation,16,10,9,10,1.0,0.0,0
scifact,scifact:1216,9,dev,discovery,16,11,7,9,1.0,0.0,3
scifact,scifact:452,10,dev,validation,22,13,9,14,1.0,0.0,3
scifact,scifact:238,11,dev,validation,21,15,7,13,1.0,0.0,3
scifact,scifact:837,12,dev,discovery,33,25,6,17,1.0,0.0,1
scifact,scifact:185,13,dev,discovery,34,23,13,14,1.0,0.0,7
scifact,scifact:478,14,dev,validation,25,16,8,13,1.0,0.0,8
scifact,scifact:248,15,dev,validation,25,18,6,11,1.0,0.0,1
scifact,scifact:183,16,dev,discovery,22,15,10,14,1.0,0.0,2
scifact,scifact:870,17,dev,discovery,33,25,8,14,0.0,1.0,0
scifact,scifact:539,18,dev,discovery,30,27,5,13,1.0,0.0,4
scifact,scifact:142,19,dev,validation,17,11,6,12,1.0,0.0,0
scifact,scifact:508,20,dev,discovery,22,17,5,10,0.0,1.0,4
scifact,scifact:1180,21,dev,discovery,15,12,10,7,1.0,0.0,1
scifact,scifact:1370,22,dev,discovery,15,11,12,9,1.0,0.0,2
scifact,scifact:623,23,dev,validation,26,18,14,17,1.0,0.0,4
scifact,scifact:1335,24,dev,validation,21,19,7,10,1.0,0.0,9
scifact,scifact:216,25,dev,validation,26,10,10,13,1.0,0.0,2
scifact,scifact:702,26,dev,discovery,25,21,5,17,1.0,0.0,3
scifact,scifact:597,27,dev,validation,22,18,4,15,1.0,0.0,0
scifact,scifact:219,28,dev,validation,23,14,9,14,1.0,0.0,0
scifact,scifact:502,29,dev,discovery,19,14,10,15,1.0,0.0,7
scifact,scifact:415,30,dev,discovery,27,18,7,9,1.0,0.0,11
scifact,scifact:1221,31,dev,discovery,33,24,10,18,0.0,1.0,1
scifact,scifact:13,32,dev,validation,19,13,11,10,1.0,0.0,9
scifact,scifact:839,33,dev,discovery,20,19,7,7,1.0,0.0,7
scifact,scifact:903,34,dev,discovery,19,17,10,4,1.0,0.0,8
scifact,scifact:1014,35,dev,validation,20,19,10,9,1.0,0.0,7
scifact,scifact:100,36,dev,discovery,25,19,10,13,1.0,0.0,0
scifact,scifact:1320,37,dev,discovery,30,18,8,16,1.0,0.0,4
scifact,scifact:94,38,dev,validation,25,18,10,15,1.0,0.0,2
scifact,scifact:239,39,dev,validation,37,26,10,12,0.0,1.0,9
scifact,scifact:171,40,dev,discovery,17,11,6,11,1.0,0.0,0
scifact,scifact:577,41,dev,discovery,25,11,17,11,0.0,1.0,6
scifact,scifact:936,42,dev,discovery,23,14,11,10,1.0,0.0,5
scifact,scifact:1140,43,dev,discovery,34,26,6,19,1.0,0.0,2
scifact,scifact:1226,44,dev,validation,25,16,13,15,1.0,0.0,4
scifact,scifact:911,45,dev,discovery,25,18,6,13,1.0,0.0,5
scifact,scifact:57,46,dev,validation,34,17,18,10,0.0,1.0,3
scifact,scifact:913,47,dev,validation,24,15,7,19,1.0,0.0,3
scifact,scifact:1024,48,dev,discovery,20,11,12,13,0.0,1.0,3
scifact,scifact:1303,49,dev,discovery,26,15,11,15,0.0,1.0,3
scifact,scifact:421,50,dev,discovery,17,15,6,5,1.0,0.0,1
drop,drop:d34910ae-9b38-4d80-9fe5-a89206d0d8f4,1,dev,discovery,11,8,6,13,1.0,0.0,1
drop,drop:30fe5f78-0ec8-4421-a795-4210b4c9e8f3,2,dev,validation,15,16,8,12,1.0,0.0,2
drop,drop:fbcfa6bf-f9b6-417a-8407-be4ab59caca2,3,dev,discovery,24,15,9,15,1.0,0.0,1
drop,drop:1d703a46-9934-4545-b550-2416997672d1,4,dev,discovery,16,9,8,11,1.0,0.0,2
drop,drop:b77a9b6c-ed36-44c6-8e42-d5da7628af61,5,dev,validation,16,8,9,8,1.0,0.0,0
drop,drop:bf60aaf7-11d8-4fb4-938c-9eae04393aea,6,dev,discovery,10,5,4,9,0.5,0.5,1
drop,drop:086318c9-aa91-42fc-b2e5-94fbfa028a0b,7,dev,discovery,24,18,9,9,1.0,0.0,1
drop,drop:9b6d5970-3245-4e76-80f6-730b325476b4,8,dev,discovery,24,10,6,14,1.0,0.0,2
drop,drop:637c4d32-6687-41b7-9113-22ee4ccf741b,9,dev,discovery,15,9,9,15,0.33333333333333326,0.6666666666666667,2
drop,drop:c68e2b2d-a1da-41c6-9866-7cce53b70791,10,dev,validation,14,11,6,7,1.0,0.0,2
drop,drop:bae95c03-4f10-4df8-9e91-7eff969f6518,11,dev,discovery,18,11,4,15,1.0,0.0,4
drop,drop:e1b6e186-6538-4fdd-b1b4-542df3ac5f15,12,dev,discovery,11,6,10,6,0.0,1.0,4
drop,drop:c7739138-13e9-4d24-9dd5-6a572d29ec67,13,dev,discovery,27,12,17,13,0.0,1.0,4
drop,drop:5d35a9a4-4b67-410a-a06c-f685cd1ca054,14,dev,discovery,37,25,10,13,1.0,0.0,6
drop,drop:4b1f89bf-965e-4f10-8db5-bab5d1439fea,15,dev,discovery,13,7,9,13,1.0,0.0,3
drop,drop:65845c3b-d08c-4395-bbb5-f97737a62655,16,dev,validation,13,5,5,10,1.0,0.0,2
drop,drop:31182c98-e949-4810-9a61-f65bfc460210,17,dev,discovery,16,10,7,8,1.0,0.0,3
drop,drop:9e5f7815-1e53-4c65-99d4-c372149a8e5e,18,dev,discovery,14,6,9,10,0.0,1.0,1
drop,drop:0d5cfb06-b1e5-45d2-93e2-3742fcf59e80,19,dev,validation,15,8,6,12,1.0,0.0,2
drop,drop:eab3f44a-5502-482d-8605-54ae63c952ab,20,dev,discovery,23,10,5,13,1.0,0.0,1
drop,drop:972f937c-07e5-45f4-bc26-c8f26844d2cf,21,dev,discovery,13,10,6,14,1.0,0.0,2
drop,drop:4566d4a1-2dc2-46c8-a5f2-0fb69fc61c9c,22,dev,validation,20,9,12,14,0.0,1.0,1
drop,drop:2cb3e4de-fd43-4ef4-82e5-183edea49cb6,23,dev,discovery,15,10,4,9,1.0,0.0,2
drop,drop:88a1f5eb-167c-4eb9-96ea-4a3b4ae54e90,24,dev,validation,19,15,10,9,0.0,1.0,6
drop,drop:976388a0-6060-4d99-9d7e-b3b729edffc3,25,dev,validation,17,12,7,13,1.0,0.0,1
drop,drop:5deadbd9-2096-404f-a45a-a90baf8217ff,26,dev,discovery,18,14,7,6,1.0,0.0,10
drop,drop:04be4b14-eec1-4b21-9bbd-347cb888acdb,27,dev,validation,15,10,4,12,0.1875,0.8125,0
drop,drop:3239fd0b-f3c0-4b0e-b004-ea6c6a0e1a66,28,dev,discovery,15,6,11,6,1.0,0.0,8
drop,drop:4aaab5a5-fd9e-4039-93f4-6839933b4abc,29,dev,discovery,14,9,6,9,1.0,0.0,2
drop,drop:c8394254-70fd-4366-85e3-502c66458edd,30,dev,validation,19,14,8,3,0.0,1.0,11
drop,drop:14369338-4266-4bf9-9a1c-52ff402a6e27,31,dev,discovery,19,14,9,14,0.6666666666666666,0.33333333333333337,0
drop,drop:caee36db-cf78-4178-8fd6-1b231a3813b9,32,dev,discovery,19,11,13,18,0.0,1.0,1
drop,drop:66241357-ffc8-412b-a7ba-e13e1a063ad6,33,dev,validation,23,15,8,12,0.6666666666666666,0.33333333333333337,4
drop,drop:760884b0-afc8-4558-8d6f-9b9d8ea00ffa,34,dev,discovery,14,8,13,19,1.0,0.0,2
drop,drop:320989dc-498a-4df6-98f9-16362c01afc9,35,dev,validation,12,7,6,13,1.0,0.0,2
drop,drop:4d50e61b-49db-469d-9532-529caf77a4a3,36,dev,validation,31,20,9,16,1.0,0.0,3
drop,drop:33b38d00-a257-41a3-bb63-c37509f521d7,37,dev,discovery,18,6,10,11,1.0,0.0,1
drop,drop:8c58adfd-ad42-44ee-9344-bf5e9f79c82f,38,dev,validation,17,11,8,11,1.0,0.0,3
drop,drop:1ffa94c5-05b2-4e78-9a98-a0ac56fbc5cc,39,dev,validation,15,10,7,10,0.4,0.6,4
drop,drop:ec4b3afd-fd5a-4ebb-8e92-1ea246c99e40,40,dev,discovery,26,15,8,13,1.0,0.0,4
drop,drop:9fe9739b-4c8d-4da6-a7e9-720ca216d410,41,dev,validation,15,8,4,8,1.0,0.0,4
drop,drop:bc2b6414-4301-4362-b5c6-b3c45ca5d7b6,42,dev,validation,30,26,8,13,1.0,0.0,2
drop,drop:3f16a0b7-efd7-4308-84d5-b0caa4073ce4,43,dev,discovery,21,10,10,14,1.0,0.0,4
drop,drop:9ddbfa72-8896-4edc-92de-b61286bab102,44,dev,validation,28,13,9,11,0.0,1.0,0
drop,drop:b7bcecda-ef16-4194-91d2-05f791f57796,45,dev,discovery,20,13,6,11,0.8,0.19999999999999996,2
drop,drop:ebad01bf-f907-4d6c-886f-633f14e14d58,46,dev,validation,28,11,9,17,1.0,0.0,4
drop,drop:274b711d-c0d5-45fd-917e-de82153b0724,47,dev,validation,19,9,7,14,0.6666666666666666,0.33333333333333337,0
drop,drop:589ca12d-a675-4b67-b09b-f6bfac469546,48,dev,discovery,19,9,8,9,1.0,0.0,2
drop,drop:9f89bba6-c095-4c2b-bcf7-9e6f05c38158,49,dev,discovery,19,15,6,10,0.0,1.0,0
drop,drop:8928b372-c4dc-4a94-ae6d-4a4c9733ec99,50,dev,discovery,32,23,6,12,1.0,0.0,3
gsm8k,gsm8k:129,1,test,discovery,38,23,12,20,1.0,0.0,2
gsm8k,gsm8k:730,2,test,validation,20,15,6,17,1.0,0.0,1
gsm8k,gsm8k:1282,3,test,discovery,32,28,4,15,1.0,0.0,3
gsm8k,gsm8k:1039,4,test,discovery,26,17,11,20,1.0,0.0,1
gsm8k,gsm8k:407,5,test,discovery,18,13,14,16,1.0,0.0,4
gsm8k,gsm8k:1170,6,test,validation,20,16,11,14,1.0,0.0,3
gsm8k,gsm8k:919,7,test,validation,31,22,9,13,1.0,0.0,2
gsm8k,gsm8k:1156,8,test,validation,28,16,10,18,1.0,0.0,0
gsm8k,gsm8k:640,9,test,discovery,25,14,10,23,1.0,0.0,4
gsm8k,gsm8k:438,10,test,validation,32,29,10,21,1.0,0.0,5
gsm8k,gsm8k:300,11,test,validation,16,13,9,12,1.0,0.0,3
gsm8k,gsm8k:705,12,test,discovery,16,12,12,15,1.0,0.0,4
gsm8k,gsm8k:816,13,test,discovery,24,16,15,13,1.0,0.0,3
gsm8k,gsm8k:1118,14,test,discovery,35,28,14,12,1.0,0.0,3
gsm8k,gsm8k:1163,15,test,validation,22,14,5,15,1.0,0.0,1
gsm8k,gsm8k:893,16,test,discovery,19,16,8,14,1.0,0.0,5
gsm8k,gsm8k:401,17,test,validation,32,23,8,15,1.0,0.0,1
gsm8k,gsm8k:1000,18,test,validation,34,33,14,12,1.0,0.0,2
gsm8k,gsm8k:915,19,test,discovery,20,17,8,20,1.0,0.0,4
gsm8k,gsm8k:1052,20,test,discovery,29,17,10,20,1.0,0.0,2
gsm8k,gsm8k:819,21,test,discovery,15,14,4,11,1.0,0.0,7
gsm8k,gsm8k:901,22,test,discovery,34,22,21,23,0.0,1.0,1
gsm8k,gsm8k:109,23,test,discovery,16,14,6,12,1.0,0.0,5
gsm8k,gsm8k:1211,24,test,discovery,22,14,10,15,1.0,0.0,0
gsm8k,gsm8k:63,25,test,discovery,23,20,11,22,1.0,0.0,1
gsm8k,gsm8k:743,26,test,discovery,22,18,17,11,1.0,0.0,3
gsm8k,gsm8k:835,27,test,discovery,31,23,12,17,0.0,1.0,2
gsm8k,gsm8k:533,28,test,validation,22,16,12,15,1.0,0.0,0
gsm8k,gsm8k:453,29,test,validation,30,17,9,19,1.0,0.0,2
gsm8k,gsm8k:1031,30,test,validation,27,21,12,18,1.0,0.0,1
gsm8k,gsm8k:1172,31,test,discovery,32,16,14,14,1.0,0.0,6
gsm8k,gsm8k:964,32,test,discovery,18,12,4,14,1.0,0.0,2
gsm8k,gsm8k:257,33,test,validation,24,20,8,14,1.0,0.0,12
gsm8k,gsm8k:731,34,test,discovery,32,25,13,16,1.0,0.0,5
gsm8k,gsm8k:115,35,test,validation,41,26,14,15,1.0,0.0,4
gsm8k,gsm8k:976,36,test,discovery,44,45,20,12,1.0,0.0,20
gsm8k,gsm8k:70,37,test,discovery,23,20,6,18,1.0,0.0,2
gsm8k,gsm8k:959,38,test,validation,23,17,11,17,1.0,0.0,1
gsm8k,gsm8k:174,39,test,validation,31,13,9,20,1.0,0.0,4
gsm8k,gsm8k:1040,40,test,discovery,20,13,11,12,1.0,0.0,4
gsm8k,gsm8k:969,41,test,discovery,27,18,17,20,1.0,0.0,2
gsm8k,gsm8k:1187,42,test,discovery,26,16,12,18,1.0,0.0,1
gsm8k,gsm8k:1061,43,test,discovery,29,20,16,18,1.0,0.0,2
gsm8k,gsm8k:696,44,test,validation,18,16,13,13,1.0,0.0,1
gsm8k,gsm8k:1304,45,test,discovery,23,12,13,9,1.0,0.0,2
gsm8k,gsm8k:717,46,test,validation,20,21,8,13,1.0,0.0,5
gsm8k,gsm8k:881,47,test,discovery,18,9,16,7,1.0,0.0,4
gsm8k,gsm8k:681,48,test,validation,26,16,18,22,1.0,0.0,2
gsm8k,gsm8k:1055,49,test,validation,23,10,19,15,1.0,0.0,1
gsm8k,gsm8k:389,50,test,discovery,29,23,13,17,1.0,0.0,3
musique,musique:2hop__258940_135844,1,dev,validation,13,8,5,10,1.0,0.0,1
musique,musique:3hop2__79978_90098_10557,2,dev,discovery,22,15,7,15,0.6666666666666666,0.33333333333333337,1
musique,musique:4hop1__813171_153080_33897_81096,3,dev,discovery,20,14,5,19,1.0,0.0,0
musique,musique:2hop__14092_8311,4,dev,validation,23,12,7,14,1.0,0.0,1
musique,musique:3hop1__295815_40769_64047,5,dev,validation,28,23,4,20,0.25,0.75,4
musique,musique:4hop3__129682_29339_508306_70744,6,dev,discovery,29,19,10,20,1.0,0.0,1
musique,musique:2hop__701525_342810,7,dev,validation,24,10,12,12,1.0,0.0,0
musique,musique:3hop1__103180_214799_259594,8,dev,validation,15,18,8,12,1.0,0.0,1
musique,musique:4hop1__151903_5274_458768_33633,9,dev,discovery,34,20,10,24,1.0,0.0,2
musique,musique:2hop__6956_192417,10,dev,validation,17,11,4,11,0.4,0.6,1
musique,musique:3hop2__67618_30587_44003,11,dev,discovery,23,14,6,18,0.0,1.0,1
musique,musique:4hop1__105688_17130_70784_61381,12,dev,validation,33,19,8,24,0.0,1.0,3
musique,musique:2hop__362912_97805,13,dev,discovery,11,5,8,9,0.0,1.0,1
musique,musique:3hop2__132957_133292_40768,14,dev,discovery,29,17,15,9,1.0,0.0,3
musique,musique:4hop1__638988_17130_70784_79935,15,dev,validation,32,25,7,16,0.0,1.0,8
musique,musique:2hop__367336_97805,16,dev,validation,23,16,6,13,1.0,0.0,5
musique,musique:3hop1__857_846_7888,17,dev,discovery,18,9,3,12,0.9411764705882353,0.05882352941176472,2
musique,musique:4hop1__130404_59747_211319_557671,18,dev,discovery,31,20,7,11,0.0,1.0,4
musique,musique:2hop__370564_71701,19,dev,discovery,23,13,5,17,0.0,1.0,1
musique,musique:3hop2__132957_52222_40768,20,dev,validation,21,18,8,13,0.0,1.0,2
musique,musique:4hop1__88342_49853_128008_48717,21,dev,discovery,31,24,8,16,0.0,1.0,3
musique,musique:2hop__763840_144857,22,dev,discovery,15,11,4,12,1.0,0.0,0
musique,musique:3hop1__640171_228453_86925,23,dev,discovery,28,14,9,15,1.0,0.0,4
musique,musique:4hop1__94201_642284_131926_90707,24,dev,discovery,17,12,6,13,0.0,1.0,0
musique,musique:2hop__632234_122868,25,dev,discovery,16,8,4,11,1.0,0.0,3
musique,musique:3hop1__837871_831637_91775,26,dev,discovery,30,19,5,13,1.0,0.0,0
musique,musique:4hop2__103790_39078_8987_8529,27,dev,validation,26,14,9,17,0.0,1.0,2
musique,musique:2hop__307218_161450,28,dev,discovery,23,13,4,13,0.6153846153846153,0.3846153846153847,0
musique,musique:3hop1__702699_792411_51423,29,dev,discovery,27,18,11,15,0.0,1.0,2
musique,musique:4hop1__726391_153080_159767_81096,30,dev,discovery,30,22,5,17,1.0,0.0,5
musique,musique:2hop__2416_53663,31,dev,validation,19,12,6,10,1.0,0.0,3
musique,musique:3hop2__222979_133154_40768,32,dev,discovery,30,18,11,24,0.0,1.0,2
musique,musique:4hop1__199881_378185_282674_759393,33,dev,discovery,26,19,14,17,1.0,0.0,1
musique,musique:2hop__301011_820181,34,dev,validation,11,7,4,11,1.0,0.0,1
musique,musique:3hop1__146155_131905_41948,35,dev,validation,35,15,17,16,0.6666666666666666,0.33333333333333337,3
musique,musique:4hop3__661103_698586_1926_54362,36,dev,discovery,32,24,14,12,0.0,1.0,5
musique,musique:2hop__752214_639679,37,dev,validation,14,12,4,10,0.0,1.0,3
musique,musique:3hop1__105767_443779_52195,38,dev,validation,23,18,5,14,1.0,0.0,2
musique,musique:4hop1__163763_49925_13759_736921,39,dev,validation,33,22,7,18,0.0,1.0,9
musique,musique:2hop__95794_55227,40,dev,discovery,15,13,8,9,1.0,0.0,1
musique,musique:3hop2__38242_92991_76291,41,dev,validation,31,20,12,17,0.0,1.0,4
musique,musique:4hop1__58323_375563_161848_28750,42,dev,discovery,33,26,4,18,0.4,0.6,2
musique,musique:2hop__91248_84207,43,dev,discovery,33,21,9,11,1.0,0.0,4
musique,musique:3hop1__742780_567566_84283,44,dev,discovery,25,19,4,16,1.0,0.0,0
musique,musique:4hop3__160230_470287_128875_72134,45,dev,discovery,31,17,6,14,1.0,0.0,5
musique,musique:2hop__75207_365216,46,dev,discovery,18,12,8,13,0.0,1.0,2
musique,musique:3hop1__840353_503371_21711,47,dev,discovery,32,20,9,19,1.0,0.0,4
musique,musique:4hop2__161324_14670_8987_8529,48,dev,discovery,20,14,5,16,1.0,0.0,2
musique,musique:2hop__543853_124498,49,dev,validation,14,10,5,11,1.0,0.0,1
musique,musique:3hop1__140786_2053_52946,50,dev,validation,22,14,9,15,1.0,0.0,3
tabfact,tabfact:2-12943308-1.html.csv:1,1,validation,discovery,23,15,9,11,1.0,0.0,3
tabfact,tabfact:1-11677100-18.html.csv:3,2,validation,discovery,20,17,8,8,1.0,0.0,0
tabfact,tabfact:1-1831309-1.html.csv:9,3,validation,validation,23,11,14,19,1.0,0.0,5
tabfact,tabfact:2-10808681-11.html.csv:4,4,validation,discovery,26,19,6,15,1.0,0.0,3
tabfact,tabfact:1-136027-2.html.csv:1,5,validation,validation,12,11,6,11,1.0,0.0,3
tabfact,tabfact:2-10809823-18.html.csv:0,6,validation,discovery,13,9,5,7,1.0,0.0,2
tabfact,tabfact:2-14510314-1.html.csv:8,7,validation,discovery,24,14,17,13,1.0,0.0,6
tabfact,tabfact:1-1342379-10.html.csv:1,8,validation,discovery,26,19,10,18,1.0,0.0,2
tabfact,tabfact:2-10758793-4.html.csv:4,9,validation,discovery,27,17,11,14,1.0,0.0,1
tabfact,tabfact:2-14473512-2.html.csv:1,10,validation,discovery,17,12,7,11,1.0,0.0,3
tabfact,tabfact:1-25182437-1.html.csv:6,11,validation,discovery,26,19,18,15,1.0,0.0,1
tabfact,tabfact:2-143678-3.html.csv:3,12,validation,validation,20,12,7,13,1.0,0.0,1
tabfact,tabfact:2-1123302-2.html.csv:0,13,validation,discovery,29,21,12,14,1.0,0.0,0
tabfact,tabfact:2-11779131-2.html.csv:1,14,validation,validation,10,12,5,11,1.0,0.0,4
tabfact,tabfact:1-23801721-1.html.csv:6,15,validation,validation,42,30,21,20,1.0,0.0,7
tabfact,tabfact:2-17298923-2.html.csv:0,16,validation,discovery,26,20,11,18,1.0,0.0,5
tabfact,tabfact:2-1604842-2.html.csv:2,17,validation,validation,22,26,8,9,1.0,0.0,1
tabfact,tabfact:2-10767641-7.html.csv:4,18,validation,discovery,27,13,10,13,1.0,0.0,4
tabfact,tabfact:2-10824095-16.html.csv:5,19,validation,discovery,21,13,14,20,1.0,0.0,3
tabfact,tabfact:2-17669275-2.html.csv:8,20,validation,discovery,37,22,12,11,1.0,0.0,1
tabfact,tabfact:2-17323267-7.html.csv:4,21,validation,validation,19,18,9,13,1.0,0.0,6
tabfact,tabfact:2-13894411-7.html.csv:2,22,validation,validation,22,13,10,15,1.0,0.0,3
tabfact,tabfact:2-17619574-2.html.csv:5,23,validation,validation,20,14,6,16,1.0,0.0,2
tabfact,tabfact:1-1965650-4.html.csv:10,24,validation,validation,24,16,7,12,0.0,1.0,2
tabfact,tabfact:2-18852984-2.html.csv:0,25,validation,validation,25,17,9,18,0.0,1.0,2
tabfact,tabfact:1-10470082-4.html.csv:2,26,validation,discovery,18,11,4,12,1.0,0.0,0
tabfact,tabfact:2-18969843-5.html.csv:2,27,validation,discovery,16,12,7,13,1.0,0.0,1
tabfact,tabfact:2-18458106-1.html.csv:2,28,validation,discovery,14,10,8,15,1.0,0.0,1
tabfact,tabfact:2-11694586-5.html.csv:0,29,validation,validation,35,28,9,14,1.0,0.0,1
tabfact,tabfact:2-16852841-1.html.csv:0,30,validation,discovery,13,13,9,7,1.0,0.0,9
tabfact,tabfact:2-1725413-5.html.csv:8,31,validation,discovery,35,24,14,18,1.0,0.0,2
tabfact,tabfact:2-11864519-1.html.csv:2,32,validation,discovery,27,17,13,14,1.0,0.0,1
tabfact,tabfact:2-17562992-4.html.csv:2,33,validation,discovery,20,20,7,14,1.0,0.0,3
tabfact,tabfact:2-11097691-6.html.csv:3,34,validation,discovery,13,8,11,9,1.0,0.0,2
tabfact,tabfact:2-13931429-6.html.csv:5,35,validation,discovery,33,22,17,18,1.0,0.0,2
tabfact,tabfact:2-18410352-1.html.csv:8,36,validation,discovery,19,12,11,11,1.0,0.0,5
tabfact,tabfact:2-10826385-18.html.csv:0,37,validation,discovery,19,16,5,7,1.0,0.0,1
tabfact,tabfact:2-16900662-7.html.csv:1,38,validation,discovery,33,24,15,12,1.0,0.0,13
tabfact,tabfact:2-18562984-4.html.csv:9,39,validation,validation,25,15,13,18,1.0,0.0,1
tabfact,tabfact:2-18519524-3.html.csv:3,40,validation,validation,26,16,8,18,1.0,0.0,1
tabfact,tabfact:2-12715053-1.html.csv:2,41,validation,discovery,29,15,16,24,1.0,0.0,7
tabfact,tabfact:2-13940275-4.html.csv:0,42,validation,validation,18,19,6,12,1.0,0.0,6
tabfact,tabfact:2-18183850-12.html.csv:7,43,validation,discovery,23,18,11,13,1.0,0.0,1
tabfact,tabfact:2-15100419-11.html.csv:8,44,validation,validation,21,15,10,15,1.0,0.0,1
tabfact,tabfact:2-174491-5.html.csv:3,45,validation,validation,30,17,13,21,0.0,1.0,5
tabfact,tabfact:2-14129554-2.html.csv:0,46,validation,discovery,17,13,6,11,1.0,0.0,3
tabfact,tabfact:2-17416221-1.html.csv:6,47,validation,validation,39,26,23,21,0.0,1.0,12
tabfact,tabfact:2-13167639-7.html.csv:9,48,validation,validation,40,25,19,20,1.0,0.0,7
tabfact,tabfact:2-16668717-1.html.csv:0,49,validation,discovery,18,10,12,12,1.0,0.0,3
tabfact,tabfact:1-23285849-7.html.csv:2,50,validation,validation,24,13,11,11,1.0,0.0,1
