dataset,workflow_id,runs,full_nodes,full_edges,full_max_in,full_max_out,full_path_coverage,active_empty,active_singleton,active_chain,active_disconnected,active_branching_or_merging,active_eligible_n,active_chain_fraction
h22,ctrl_chain_6,20,6,5,1,1,1.0,10,4,1,5,0,6,0.16666666666666666
h22,ctrl_dense_6,20,6,10,4,3,0.8333333333333334,11,1,0,0,8,8,0.0
h22,ctrl_memory_6,20,6,5,2,1,0.8333333333333334,8,2,1,9,0,10,0.1
h22,ctrl_parallel_6,20,6,5,3,1,0.6666666666666666,7,2,1,3,7,11,0.09090909090909091
h22,ctrl_star_6,20,6,7,3,3,0.6666666666666666,10,5,1,4,0,5,0.2
h22,ctrl_tree_6,20,6,5,2,1,0.6666666666666666,5,4,2,8,1,11,0.18181818181818182
scifact_legacy,confidence_cascade,5,4,3,1,1,1.0,3,2,0,0,0,0,
scifact_legacy,debate_factcheck,5,5,9,3,3,1.0,0,4,0,0,1,1,0.0
scifact_legacy,gatekeeper_laundering,5,4,5,2,2,1.0,3,2,0,0,0,0,
scifact_legacy,parallel_verifier,5,5,6,2,2,0.8,5,0,0,0,0,0,
