dataset,case_id,base_case,condition,workflow_id,topology,claim_id,full_node_count,full_edge_count,full_max_indegree,full_max_outdegree,full_branch_nodes,full_merge_nodes,full_weak_components,full_longest_path_nodes,full_longest_path_coverage,full_nontrivial_chain,full_graph_kind,active_node_count,active_edge_count,active_max_indegree,active_max_outdegree,active_branch_nodes,active_merge_nodes,active_weak_components,active_longest_path_nodes,active_longest_path_coverage,active_nontrivial_chain,active_graph_kind,legacy_link_count,legacy_links_removed_nonactive_endpoint,legacy_links_to_correction_or_challenge,legacy_links_to_suppressed_or_other,filtered_stored_links_equal_active_induced,final_regex_status,final_regex_active,final_pro_intensity,final_flash_prefix_intensity,cjk_step_count
h22,h22_finance_cashflow__source_absent,finance_cashflow,source_absent,ctrl_chain_6,controlled_chain,positive_fcf_false,6,5,1,1,0,0,1,6,1.0,True,nontrivial_chain,0,0,0,0,0,0,0,0,,False,empty,0,0,0,0,True,absent,False,1.0,0.95,6
h22,h22_finance_cashflow__source_absent,finance_cashflow,source_absent,ctrl_parallel_6,controlled_parallel,positive_fcf_false,6,5,3,1,0,1,1,4,0.6666666666666666,False,branching_or_merging,0,0,0,0,0,0,0,0,,False,empty,0,0,0,0,True,absent,False,1.0,0.95,6
h22,h22_finance_cashflow__source_absent,finance_cashflow,source_absent,ctrl_star_6,controlled_star,positive_fcf_false,6,7,3,3,1,1,1,4,0.6666666666666666,False,branching_or_merging,0,0,0,0,0,0,0,0,,False,empty,0,0,0,0,True,absent,False,1.0,1.0,6
h22,h22_finance_cashflow__source_absent,finance_cashflow,source_absent,ctrl_tree_6,controlled_tree,positive_fcf_false,6,5,2,1,0,1,1,4,0.6666666666666666,False,branching_or_merging,1,0,0,0,0,0,1,1,1.0,False,singleton,0,0,0,0,True,finalized_false,True,1.0,1.0,5
h22,h22_finance_cashflow__source_absent,finance_cashflow,source_absent,ctrl_dense_6,controlled_dense,positive_fcf_false,6,10,4,3,3,3,1,5,0.8333333333333334,False,branching_or_merging,0,0,0,0,0,0,0,0,,False,empty,0,0,0,0,True,absent,False,1.0,0.95,6
h22,h22_finance_cashflow__source_absent,finance_cashflow,source_absent,ctrl_memory_6,controlled_memory,positive_fcf_false,6,5,2,1,0,1,1,5,0.8333333333333334,False,branching_or_merging,0,0,0,0,0,0,0,0,,False,empty,0,0,0,0,True,absent,False,1.0,1.0,6
h22,h22_finance_cashflow__source_deemphasized,finance_cashflow,source_deemphasized,ctrl_chain_6,controlled_chain,positive_fcf_false,6,5,1,1,0,0,1,6,1.0,True,nontrivial_chain,0,0,0,0,0,0,0,0,,False,empty,0,0,0,0,True,absent,False,0.0,0.0,5
h22,h22_finance_cashflow__source_deemphasized,finance_cashflow,source_deemphasized,ctrl_parallel_6,controlled_parallel,positive_fcf_false,6,5,3,1,0,1,1,4,0.6666666666666666,False,branching_or_merging,0,0,0,0,0,0,0,0,,False,empty,0,0,0,0,True,corrected_false,False,0.0,0.0,2
h22,h22_finance_cashflow__source_deemphasized,finance_cashflow,source_deemphasized,ctrl_star_6,controlled_star,positive_fcf_false,6,7,3,3,1,1,1,4,0.6666666666666666,False,branching_or_merging,0,0,0,0,0,0,0,0,,False,empty,0,0,0,0,True,corrected_false,False,0.0,0.0,2
h22,h22_finance_cashflow__source_deemphasized,finance_cashflow,source_deemphasized,ctrl_tree_6,controlled_tree,positive_fcf_false,6,5,2,1,0,1,1,4,0.6666666666666666,False,branching_or_merging,3,2,1,1,0,0,1,3,1.0,True,nontrivial_chain,3,1,1,0,True,corrected_false,False,1.0,0.95,4
h22,h22_finance_cashflow__source_deemphasized,finance_cashflow,source_deemphasized,ctrl_dense_6,controlled_dense,positive_fcf_false,6,10,4,3,3,3,1,5,0.8333333333333334,False,branching_or_merging,0,0,0,0,0,0,0,0,,False,empty,0,0,0,0,True,corrected_false,False,0.0,0.0,0
h22,h22_finance_cashflow__source_deemphasized,finance_cashflow,source_deemphasized,ctrl_memory_6,controlled_memory,positive_fcf_false,6,5,2,1,0,1,1,5,0.8333333333333334,False,branching_or_merging,0,0,0,0,0,0,0,0,,False,empty,0,0,0,0,True,preventive_correction,False,0.0,0.05,0
h22,h22_finance_cashflow__source_pointer_only,finance_cashflow,source_pointer_only,ctrl_chain_6,controlled_chain,positive_fcf_false,6,5,1,1,0,0,1,6,1.0,True,nontrivial_chain,0,0,0,0,0,0,0,0,,False,empty,0,0,0,0,True,absent,False,1.0,1.0,6
h22,h22_finance_cashflow__source_pointer_only,finance_cashflow,source_pointer_only,ctrl_parallel_6,controlled_parallel,positive_fcf_false,6,5,3,1,0,1,1,4,0.6666666666666666,False,branching_or_merging,0,0,0,0,0,0,0,0,,False,empty,0,0,0,0,True,absent,False,1.0,0.95,6
h22,h22_finance_cashflow__source_pointer_only,finance_cashflow,source_pointer_only,ctrl_star_6,controlled_star,positive_fcf_false,6,7,3,3,1,1,1,4,0.6666666666666666,False,branching_or_merging,0,0,0,0,0,0,0,0,,False,empty,0,0,0,0,True,absent,False,1.0,1.0,6
h22,h22_finance_cashflow__source_pointer_only,finance_cashflow,source_pointer_only,ctrl_tree_6,controlled_tree,positive_fcf_false,6,5,2,1,0,1,1,4,0.6666666666666666,False,branching_or_merging,0,0,0,0,0,0,0,0,,False,empty,0,0,0,0,True,absent,False,1.0,1.0,6
h22,h22_finance_cashflow__source_pointer_only,finance_cashflow,source_pointer_only,ctrl_dense_6,controlled_dense,positive_fcf_false,6,10,4,3,3,3,1,5,0.8333333333333334,False,branching_or_merging,0,0,0,0,0,0,0,0,,False,empty,0,0,0,0,True,absent,False,1.0,1.0,6
h22,h22_finance_cashflow__source_pointer_only,finance_cashflow,source_pointer_only,ctrl_memory_6,controlled_memory,positive_fcf_false,6,5,2,1,0,1,1,5,0.8333333333333334,False,branching_or_merging,0,0,0,0,0,0,0,0,,False,empty,0,0,0,0,True,absent,False,1.0,1.0,6
h22,h22_finance_cashflow__source_visible,finance_cashflow,source_visible,ctrl_chain_6,controlled_chain,positive_fcf_false,6,5,1,1,0,0,1,6,1.0,True,nontrivial_chain,0,0,0,0,0,0,0,0,,False,empty,0,0,0,0,True,preventive_correction,False,0.0,0.0,4
h22,h22_finance_cashflow__source_visible,finance_cashflow,source_visible,ctrl_parallel_6,controlled_parallel,positive_fcf_false,6,5,3,1,0,1,1,4,0.6666666666666666,False,branching_or_merging,0,0,0,0,0,0,0,0,,False,empty,0,0,0,0,True,corrected_false,False,0.0,0.0,0
h22,h22_finance_cashflow__source_visible,finance_cashflow,source_visible,ctrl_star_6,controlled_star,positive_fcf_false,6,7,3,3,1,1,1,4,0.6666666666666666,False,branching_or_merging,0,0,0,0,0,0,0,0,,False,empty,0,0,0,0,True,corrected_false,False,0.8,0.65,2
h22,h22_finance_cashflow__source_visible,finance_cashflow,source_visible,ctrl_tree_6,controlled_tree,positive_fcf_false,6,5,2,1,0,1,1,4,0.6666666666666666,False,branching_or_merging,0,0,0,0,0,0,0,0,,False,empty,0,0,0,0,True,corrected_false,False,0.0,0.05,2
h22,h22_finance_cashflow__source_visible,finance_cashflow,source_visible,ctrl_dense_6,controlled_dense,positive_fcf_false,6,10,4,3,3,3,1,5,0.8333333333333334,False,branching_or_merging,0,0,0,0,0,0,0,0,,False,empty,0,0,0,0,True,corrected_false,False,0.0,0.0,0
h22,h22_finance_cashflow__source_visible,finance_cashflow,source_visible,ctrl_memory_6,controlled_memory,positive_fcf_false,6,5,2,1,0,1,1,5,0.8333333333333334,False,branching_or_merging,0,0,0,0,0,0,0,0,,False,empty,0,0,0,0,True,preventive_correction,False,0.0,0.0,1
h22,h22_legal_deadline__source_absent,legal_deadline,source_absent,ctrl_chain_6,controlled_chain,sixty_day_deadline_false,6,5,1,1,0,0,1,6,1.0,True,nontrivial_chain,5,3,1,1,0,0,2,4,0.8,False,disconnected,4,1,0,1,True,finalized_false,True,1.0,1.0,1
h22,h22_legal_deadline__source_absent,legal_deadline,source_absent,ctrl_parallel_6,controlled_parallel,sixty_day_deadline_false,6,5,3,1,0,1,1,4,0.6666666666666666,False,branching_or_merging,4,3,3,1,0,1,1,2,0.5,False,branching_or_merging,4,1,0,1,True,absent,False,1.0,1.0,2
h22,h22_legal_deadline__source_absent,legal_deadline,source_absent,ctrl_star_6,controlled_star,sixty_day_deadline_false,6,7,3,3,1,1,1,4,0.6666666666666666,False,branching_or_merging,2,0,0,0,0,0,2,1,0.5,False,disconnected,3,3,0,3,True,finalized_false,True,1.0,1.0,4
h22,h22_legal_deadline__source_absent,legal_deadline,source_absent,ctrl_tree_6,controlled_tree,sixty_day_deadline_false,6,5,2,1,0,1,1,4,0.6666666666666666,False,branching_or_merging,5,3,1,1,0,0,2,4,0.8,False,disconnected,4,1,0,1,True,finalized_false,True,1.0,0.95,1
h22,h22_legal_deadline__source_absent,legal_deadline,source_absent,ctrl_dense_6,controlled_dense,sixty_day_deadline_false,6,10,4,3,3,3,1,5,0.8333333333333334,False,branching_or_merging,5,6,3,2,2,2,1,4,0.8,False,branching_or_merging,9,3,0,3,True,finalized_false,True,1.0,0.8,1
h22,h22_legal_deadline__source_absent,legal_deadline,source_absent,ctrl_memory_6,controlled_memory,sixty_day_deadline_false,6,5,2,1,0,1,1,5,0.8333333333333334,False,branching_or_merging,5,3,2,1,0,1,2,3,0.6,False,disconnected,4,1,0,1,True,finalized_false,True,1.0,1.0,1
h22,h22_legal_deadline__source_deemphasized,legal_deadline,source_deemphasized,ctrl_chain_6,controlled_chain,sixty_day_deadline_false,6,5,1,1,0,0,1,6,1.0,True,nontrivial_chain,0,0,0,0,0,0,0,0,,False,empty,0,0,0,0,True,corrected_false,False,0.0,0.0,4
h22,h22_legal_deadline__source_deemphasized,legal_deadline,source_deemphasized,ctrl_parallel_6,controlled_parallel,sixty_day_deadline_false,6,5,3,1,0,1,1,4,0.6666666666666666,False,branching_or_merging,6,5,3,1,0,1,1,4,0.6666666666666666,False,branching_or_merging,5,0,0,0,True,finalized_false,True,1.0,1.0,0
h22,h22_legal_deadline__source_deemphasized,legal_deadline,source_deemphasized,ctrl_star_6,controlled_star,sixty_day_deadline_false,6,7,3,3,1,1,1,4,0.6666666666666666,False,branching_or_merging,0,0,0,0,0,0,0,0,,False,empty,0,0,0,0,True,corrected_false,False,0.0,0.0,4
h22,h22_legal_deadline__source_deemphasized,legal_deadline,source_deemphasized,ctrl_tree_6,controlled_tree,sixty_day_deadline_false,6,5,2,1,0,1,1,4,0.6666666666666666,False,branching_or_merging,0,0,0,0,0,0,0,0,,False,empty,0,0,0,0,True,corrected_false,False,0.2,0.65,2
h22,h22_legal_deadline__source_deemphasized,legal_deadline,source_deemphasized,ctrl_dense_6,controlled_dense,sixty_day_deadline_false,6,10,4,3,3,3,1,5,0.8333333333333334,False,branching_or_merging,3,2,2,1,0,1,1,2,0.6666666666666666,False,branching_or_merging,8,6,3,3,True,corrected_false,False,0.2,0.65,1
h22,h22_legal_deadline__source_deemphasized,legal_deadline,source_deemphasized,ctrl_memory_6,controlled_memory,sixty_day_deadline_false,6,5,2,1,0,1,1,5,0.8333333333333334,False,branching_or_merging,0,0,0,0,0,0,0,0,,False,empty,0,0,0,0,True,corrected_false,False,0.0,0.0,1
h22,h22_legal_deadline__source_pointer_only,legal_deadline,source_pointer_only,ctrl_chain_6,controlled_chain,sixty_day_deadline_false,6,5,1,1,0,0,1,6,1.0,True,nontrivial_chain,2,0,0,0,0,0,2,1,0.5,False,disconnected,1,1,0,1,True,finalized_false,True,1.0,1.0,4
h22,h22_legal_deadline__source_pointer_only,legal_deadline,source_pointer_only,ctrl_parallel_6,controlled_parallel,sixty_day_deadline_false,6,5,3,1,0,1,1,4,0.6666666666666666,False,branching_or_merging,6,5,3,1,0,1,1,4,0.6666666666666666,False,branching_or_merging,5,0,0,0,True,finalized_false,True,1.0,1.0,0
h22,h22_legal_deadline__source_pointer_only,legal_deadline,source_pointer_only,ctrl_star_6,controlled_star,sixty_day_deadline_false,6,7,3,3,1,1,1,4,0.6666666666666666,False,branching_or_merging,2,0,0,0,0,0,2,1,0.5,False,disconnected,3,3,0,3,True,finalized_false,True,1.0,1.0,4
h22,h22_legal_deadline__source_pointer_only,legal_deadline,source_pointer_only,ctrl_tree_6,controlled_tree,sixty_day_deadline_false,6,5,2,1,0,1,1,4,0.6666666666666666,False,branching_or_merging,5,3,1,1,0,0,2,4,0.8,False,disconnected,4,1,0,1,True,finalized_false,True,1.0,1.0,1
h22,h22_legal_deadline__source_pointer_only,legal_deadline,source_pointer_only,ctrl_dense_6,controlled_dense,sixty_day_deadline_false,6,10,4,3,3,3,1,5,0.8333333333333334,False,branching_or_merging,5,6,3,2,2,2,1,4,0.8,False,branching_or_merging,9,3,0,3,True,finalized_false,True,1.0,1.0,1
h22,h22_legal_deadline__source_pointer_only,legal_deadline,source_pointer_only,ctrl_memory_6,controlled_memory,sixty_day_deadline_false,6,5,2,1,0,1,1,5,0.8333333333333334,False,branching_or_merging,5,3,2,1,0,1,2,3,0.6,False,disconnected,4,1,0,1,True,finalized_false,True,1.0,1.0,1
h22,h22_legal_deadline__source_visible,legal_deadline,source_visible,ctrl_chain_6,controlled_chain,sixty_day_deadline_false,6,5,1,1,0,0,1,6,1.0,True,nontrivial_chain,0,0,0,0,0,0,0,0,,False,empty,0,0,0,0,True,preventive_correction,False,0.0,0.0,4
h22,h22_legal_deadline__source_visible,legal_deadline,source_visible,ctrl_parallel_6,controlled_parallel,sixty_day_deadline_false,6,5,3,1,0,1,1,4,0.6666666666666666,False,branching_or_merging,0,0,0,0,0,0,0,0,,False,empty,0,0,0,0,True,corrected_false,False,0.2,0.2,0
h22,h22_legal_deadline__source_visible,legal_deadline,source_visible,ctrl_star_6,controlled_star,sixty_day_deadline_false,6,7,3,3,1,1,1,4,0.6666666666666666,False,branching_or_merging,0,0,0,0,0,0,0,0,,False,empty,0,0,0,0,True,corrected_false,False,0.0,0.0,2
h22,h22_legal_deadline__source_visible,legal_deadline,source_visible,ctrl_tree_6,controlled_tree,sixty_day_deadline_false,6,5,2,1,0,1,1,4,0.6666666666666666,False,branching_or_merging,1,0,0,0,0,0,1,1,1.0,False,singleton,1,1,0,1,True,corrected_false,False,0.2,0.2,2
h22,h22_legal_deadline__source_visible,legal_deadline,source_visible,ctrl_dense_6,controlled_dense,sixty_day_deadline_false,6,10,4,3,3,3,1,5,0.8333333333333334,False,branching_or_merging,0,0,0,0,0,0,0,0,,False,empty,0,0,0,0,True,corrected_false,False,0.0,0.0,0
h22,h22_legal_deadline__source_visible,legal_deadline,source_visible,ctrl_memory_6,controlled_memory,sixty_day_deadline_false,6,5,2,1,0,1,1,5,0.8333333333333334,False,branching_or_merging,0,0,0,0,0,0,0,0,,False,empty,0,0,0,0,True,preventive_correction,False,0.0,0.0,1
h22,h22_privacy_retention__source_absent,privacy_retention,source_absent,ctrl_chain_6,controlled_chain,two_year_retention_false,6,5,1,1,0,0,1,6,1.0,True,nontrivial_chain,2,0,0,0,0,0,2,1,0.5,False,disconnected,1,1,0,1,True,finalized_false,True,1.0,1.0,4
h22,h22_privacy_retention__source_absent,privacy_retention,source_absent,ctrl_parallel_6,controlled_parallel,two_year_retention_false,6,5,3,1,0,1,1,4,0.6666666666666666,False,branching_or_merging,5,3,3,1,0,1,2,2,0.4,False,disconnected,4,1,0,1,True,finalized_false,True,1.0,1.0,0
h22,h22_privacy_retention__source_absent,privacy_retention,source_absent,ctrl_star_6,controlled_star,two_year_retention_false,6,7,3,3,1,1,1,4,0.6666666666666666,False,branching_or_merging,3,2,1,1,0,0,1,3,1.0,True,nontrivial_chain,5,3,0,3,True,suppressed_false,False,0.8,1.0,4
h22,h22_privacy_retention__source_absent,privacy_retention,source_absent,ctrl_tree_6,controlled_tree,two_year_retention_false,6,5,2,1,0,1,1,4,0.6666666666666666,False,branching_or_merging,1,0,0,0,0,0,1,1,1.0,False,singleton,1,1,0,1,True,absent,False,0.8,0.85,5
h22,h22_privacy_retention__source_absent,privacy_retention,source_absent,ctrl_dense_6,controlled_dense,two_year_retention_false,6,10,4,3,3,3,1,5,0.8333333333333334,False,branching_or_merging,5,7,3,3,2,2,1,5,1.0,False,branching_or_merging,7,0,0,0,True,finalized_false,True,1.0,1.0,1
h22,h22_privacy_retention__source_absent,privacy_retention,source_absent,ctrl_memory_6,controlled_memory,two_year_retention_false,6,5,2,1,0,1,1,5,0.8333333333333334,False,branching_or_merging,5,3,2,1,0,1,2,3,0.6,False,disconnected,4,1,0,1,True,finalized_false,True,1.0,1.0,1
h22,h22_privacy_retention__source_deemphasized,privacy_retention,source_deemphasized,ctrl_chain_6,controlled_chain,two_year_retention_false,6,5,1,1,0,0,1,6,1.0,True,nontrivial_chain,1,0,0,0,0,0,1,1,1.0,False,singleton,0,0,0,0,True,finalized_false,True,1.0,1.0,5
h22,h22_privacy_retention__source_deemphasized,privacy_retention,source_deemphasized,ctrl_parallel_6,controlled_parallel,two_year_retention_false,6,5,3,1,0,1,1,4,0.6666666666666666,False,branching_or_merging,1,0,0,0,0,0,1,1,1.0,False,singleton,0,0,0,0,True,finalized_false,True,1.0,1.0,5
h22,h22_privacy_retention__source_deemphasized,privacy_retention,source_deemphasized,ctrl_star_6,controlled_star,two_year_retention_false,6,7,3,3,1,1,1,4,0.6666666666666666,False,branching_or_merging,0,0,0,0,0,0,0,0,,False,empty,0,0,0,0,True,absent,False,1.0,0.95,6
h22,h22_privacy_retention__source_deemphasized,privacy_retention,source_deemphasized,ctrl_tree_6,controlled_tree,two_year_retention_false,6,5,2,1,0,1,1,4,0.6666666666666666,False,branching_or_merging,2,0,0,0,0,0,2,1,0.5,False,disconnected,1,1,0,1,True,finalized_false,True,1.0,1.0,4
h22,h22_privacy_retention__source_deemphasized,privacy_retention,source_deemphasized,ctrl_dense_6,controlled_dense,two_year_retention_false,6,10,4,3,3,3,1,5,0.8333333333333334,False,branching_or_merging,0,0,0,0,0,0,0,0,,False,empty,0,0,0,0,True,corrected_false,False,0.2,0.2,5
h22,h22_privacy_retention__source_deemphasized,privacy_retention,source_deemphasized,ctrl_memory_6,controlled_memory,two_year_retention_false,6,5,2,1,0,1,1,5,0.8333333333333334,False,branching_or_merging,5,3,2,1,0,1,2,3,0.6,False,disconnected,4,1,0,1,True,finalized_false,True,1.0,1.0,1
h22,h22_privacy_retention__source_pointer_only,privacy_retention,source_pointer_only,ctrl_chain_6,controlled_chain,two_year_retention_false,6,5,1,1,0,0,1,6,1.0,True,nontrivial_chain,1,0,0,0,0,0,1,1,1.0,False,singleton,0,0,0,0,True,finalized_false,True,1.0,1.0,5
h22,h22_privacy_retention__source_pointer_only,privacy_retention,source_pointer_only,ctrl_parallel_6,controlled_parallel,two_year_retention_false,6,5,3,1,0,1,1,4,0.6666666666666666,False,branching_or_merging,3,0,0,0,0,0,3,1,0.3333333333333333,False,disconnected,2,2,0,2,True,finalized_false,True,1.0,1.0,3
h22,h22_privacy_retention__source_pointer_only,privacy_retention,source_pointer_only,ctrl_star_6,controlled_star,two_year_retention_false,6,7,3,3,1,1,1,4,0.6666666666666666,False,branching_or_merging,1,0,0,0,0,0,1,1,1.0,False,singleton,0,0,0,0,True,finalized_false,True,1.0,1.0,6
h22,h22_privacy_retention__source_pointer_only,privacy_retention,source_pointer_only,ctrl_tree_6,controlled_tree,two_year_retention_false,6,5,2,1,0,1,1,4,0.6666666666666666,False,branching_or_merging,3,1,1,1,0,0,2,2,0.6666666666666666,False,disconnected,2,1,0,1,True,finalized_false,True,1.0,1.0,2
h22,h22_privacy_retention__source_pointer_only,privacy_retention,source_pointer_only,ctrl_dense_6,controlled_dense,two_year_retention_false,6,10,4,3,3,3,1,5,0.8333333333333334,False,branching_or_merging,1,0,0,0,0,0,1,1,1.0,False,singleton,0,0,0,0,True,finalized_false,True,1.0,1.0,5
h22,h22_privacy_retention__source_pointer_only,privacy_retention,source_pointer_only,ctrl_memory_6,controlled_memory,two_year_retention_false,6,5,2,1,0,1,1,5,0.8333333333333334,False,branching_or_merging,5,3,2,1,0,1,2,3,0.6,False,disconnected,4,1,0,1,True,finalized_false,True,1.0,1.0,1
h22,h22_privacy_retention__source_visible,privacy_retention,source_visible,ctrl_chain_6,controlled_chain,two_year_retention_false,6,5,1,1,0,0,1,6,1.0,True,nontrivial_chain,0,0,0,0,0,0,0,0,,False,empty,0,0,0,0,True,preventive_correction,False,0.0,0.0,5
h22,h22_privacy_retention__source_visible,privacy_retention,source_visible,ctrl_parallel_6,controlled_parallel,two_year_retention_false,6,5,3,1,0,1,1,4,0.6666666666666666,False,branching_or_merging,0,0,0,0,0,0,0,0,,False,empty,0,0,0,0,True,corrected_false,False,0.4,0.25,5
h22,h22_privacy_retention__source_visible,privacy_retention,source_visible,ctrl_star_6,controlled_star,two_year_retention_false,6,7,3,3,1,1,1,4,0.6666666666666666,False,branching_or_merging,0,0,0,0,0,0,0,0,,False,empty,0,0,0,0,True,absent,False,0.0,0.0,6
h22,h22_privacy_retention__source_visible,privacy_retention,source_visible,ctrl_tree_6,controlled_tree,two_year_retention_false,6,5,2,1,0,1,1,4,0.6666666666666666,False,branching_or_merging,0,0,0,0,0,0,0,0,,False,empty,0,0,0,0,True,corrected_false,False,0.2,0.45,5
h22,h22_privacy_retention__source_visible,privacy_retention,source_visible,ctrl_dense_6,controlled_dense,two_year_retention_false,6,10,4,3,3,3,1,5,0.8333333333333334,False,branching_or_merging,0,0,0,0,0,0,0,0,,False,empty,0,0,0,0,True,corrected_false,False,0.2,0.2,3
h22,h22_privacy_retention__source_visible,privacy_retention,source_visible,ctrl_memory_6,controlled_memory,two_year_retention_false,6,5,2,1,0,1,1,5,0.8333333333333334,False,branching_or_merging,0,0,0,0,0,0,0,0,,False,empty,0,0,0,0,True,preventive_correction,False,0.0,0.0,2
h22,h22_product_recall__source_absent,product_recall,source_absent,ctrl_chain_6,controlled_chain,recall_resolved_false,6,5,1,1,0,0,1,6,1.0,True,nontrivial_chain,1,0,0,0,0,0,1,1,1.0,False,singleton,1,1,0,1,True,absent,False,1.0,1.0,4
h22,h22_product_recall__source_absent,product_recall,source_absent,ctrl_parallel_6,controlled_parallel,recall_resolved_false,6,5,3,1,0,1,1,4,0.6666666666666666,False,branching_or_merging,4,3,3,1,0,1,1,2,0.5,False,branching_or_merging,4,1,0,1,True,absent,False,1.0,1.0,1
h22,h22_product_recall__source_absent,product_recall,source_absent,ctrl_star_6,controlled_star,recall_resolved_false,6,7,3,3,1,1,1,4,0.6666666666666666,False,branching_or_merging,1,0,0,0,0,0,1,1,1.0,False,singleton,3,3,0,3,True,absent,False,1.0,1.0,4
h22,h22_product_recall__source_absent,product_recall,source_absent,ctrl_tree_6,controlled_tree,recall_resolved_false,6,5,2,1,0,1,1,4,0.6666666666666666,False,branching_or_merging,6,5,2,1,0,1,1,4,0.6666666666666666,False,branching_or_merging,5,0,0,0,True,finalized_false,True,1.0,1.0,0
h22,h22_product_recall__source_absent,product_recall,source_absent,ctrl_dense_6,controlled_dense,recall_resolved_false,6,10,4,3,3,3,1,5,0.8333333333333334,False,branching_or_merging,5,6,3,2,2,2,1,4,0.8,False,branching_or_merging,9,3,0,3,True,finalized_false,True,1.0,1.0,1
h22,h22_product_recall__source_absent,product_recall,source_absent,ctrl_memory_6,controlled_memory,recall_resolved_false,6,5,2,1,0,1,1,5,0.8333333333333334,False,branching_or_merging,3,2,1,1,0,0,1,3,1.0,True,nontrivial_chain,3,1,0,1,True,absent,False,1.0,1.0,2
h22,h22_product_recall__source_deemphasized,product_recall,source_deemphasized,ctrl_chain_6,controlled_chain,recall_resolved_false,6,5,1,1,0,0,1,6,1.0,True,nontrivial_chain,0,0,0,0,0,0,0,0,,False,empty,0,0,0,0,True,corrected_false,False,1.0,0.85,4
h22,h22_product_recall__source_deemphasized,product_recall,source_deemphasized,ctrl_parallel_6,controlled_parallel,recall_resolved_false,6,5,3,1,0,1,1,4,0.6666666666666666,False,branching_or_merging,2,0,0,0,0,0,2,1,0.5,False,disconnected,2,2,2,0,True,corrected_false,False,1.0,0.95,0
h22,h22_product_recall__source_deemphasized,product_recall,source_deemphasized,ctrl_star_6,controlled_star,recall_resolved_false,6,7,3,3,1,1,1,4,0.6666666666666666,False,branching_or_merging,1,0,0,0,0,0,1,1,1.0,False,singleton,0,0,0,0,True,finalized_false,True,1.0,1.0,5
h22,h22_product_recall__source_deemphasized,product_recall,source_deemphasized,ctrl_tree_6,controlled_tree,recall_resolved_false,6,5,2,1,0,1,1,4,0.6666666666666666,False,branching_or_merging,2,0,0,0,0,0,2,1,0.5,False,disconnected,1,1,0,1,True,finalized_false,True,1.0,1.0,4
h22,h22_product_recall__source_deemphasized,product_recall,source_deemphasized,ctrl_dense_6,controlled_dense,recall_resolved_false,6,10,4,3,3,3,1,5,0.8333333333333334,False,branching_or_merging,0,0,0,0,0,0,0,0,,False,empty,0,0,0,0,True,corrected_false,False,0.2,0.25,2
h22,h22_product_recall__source_deemphasized,product_recall,source_deemphasized,ctrl_memory_6,controlled_memory,recall_resolved_false,6,5,2,1,0,1,1,5,0.8333333333333334,False,branching_or_merging,2,0,0,0,0,0,2,1,0.5,False,disconnected,1,1,0,1,True,finalized_false,True,1.0,1.0,4
h22,h22_product_recall__source_pointer_only,product_recall,source_pointer_only,ctrl_chain_6,controlled_chain,recall_resolved_false,6,5,1,1,0,0,1,6,1.0,True,nontrivial_chain,2,1,1,1,0,0,1,2,1.0,True,nontrivial_chain,2,1,0,1,True,absent,False,1.0,1.0,4
h22,h22_product_recall__source_pointer_only,product_recall,source_pointer_only,ctrl_parallel_6,controlled_parallel,recall_resolved_false,6,5,3,1,0,1,1,4,0.6666666666666666,False,branching_or_merging,5,4,2,1,0,1,1,4,0.8,False,branching_or_merging,4,0,0,0,True,finalized_false,True,1.0,1.0,0
h22,h22_product_recall__source_pointer_only,product_recall,source_pointer_only,ctrl_star_6,controlled_star,recall_resolved_false,6,7,3,3,1,1,1,4,0.6666666666666666,False,branching_or_merging,0,0,0,0,0,0,0,0,,False,empty,0,0,0,0,True,absent,False,1.0,1.0,6
h22,h22_product_recall__source_pointer_only,product_recall,source_pointer_only,ctrl_tree_6,controlled_tree,recall_resolved_false,6,5,2,1,0,1,1,4,0.6666666666666666,False,branching_or_merging,3,2,1,1,0,0,1,3,1.0,True,nontrivial_chain,3,1,0,1,True,suppressed_false,False,1.0,1.0,2
h22,h22_product_recall__source_pointer_only,product_recall,source_pointer_only,ctrl_dense_6,controlled_dense,recall_resolved_false,6,10,4,3,3,3,1,5,0.8333333333333334,False,branching_or_merging,4,5,3,2,2,2,1,3,0.75,False,branching_or_merging,9,4,0,4,True,suppressed_false,False,1.0,1.0,1
h22,h22_product_recall__source_pointer_only,product_recall,source_pointer_only,ctrl_memory_6,controlled_memory,recall_resolved_false,6,5,2,1,0,1,1,5,0.8333333333333334,False,branching_or_merging,0,0,0,0,0,0,0,0,,False,empty,0,0,0,0,True,absent,False,1.0,1.0,5
h22,h22_product_recall__source_visible,product_recall,source_visible,ctrl_chain_6,controlled_chain,recall_resolved_false,6,5,1,1,0,0,1,6,1.0,True,nontrivial_chain,0,0,0,0,0,0,0,0,,False,empty,0,0,0,0,True,preventive_correction,False,0.0,0.0,5
h22,h22_product_recall__source_visible,product_recall,source_visible,ctrl_parallel_6,controlled_parallel,recall_resolved_false,6,5,3,1,0,1,1,4,0.6666666666666666,False,branching_or_merging,0,0,0,0,0,0,0,0,,False,empty,0,0,0,0,True,corrected_false,False,0.0,0.0,0
h22,h22_product_recall__source_visible,product_recall,source_visible,ctrl_star_6,controlled_star,recall_resolved_false,6,7,3,3,1,1,1,4,0.6666666666666666,False,branching_or_merging,0,0,0,0,0,0,0,0,,False,empty,0,0,0,0,True,absent,False,0.0,0.0,6
h22,h22_product_recall__source_visible,product_recall,source_visible,ctrl_tree_6,controlled_tree,recall_resolved_false,6,5,2,1,0,1,1,4,0.6666666666666666,False,branching_or_merging,0,0,0,0,0,0,0,0,,False,empty,0,0,0,0,True,corrected_false,False,0.0,0.0,2
h22,h22_product_recall__source_visible,product_recall,source_visible,ctrl_dense_6,controlled_dense,recall_resolved_false,6,10,4,3,3,3,1,5,0.8333333333333334,False,branching_or_merging,0,0,0,0,0,0,0,0,,False,empty,0,0,0,0,True,corrected_false,False,0.0,0.0,0
h22,h22_product_recall__source_visible,product_recall,source_visible,ctrl_memory_6,controlled_memory,recall_resolved_false,6,5,2,1,0,1,1,5,0.8333333333333334,False,branching_or_merging,1,0,0,0,0,0,1,1,1.0,False,singleton,1,1,0,1,True,preventive_correction,False,0.0,0.0,4
h22,h22_scifact_105__source_absent,scifact_105,source_absent,ctrl_chain_6,controlled_chain,scifact_claim_105,6,5,1,1,0,0,1,6,1.0,True,nontrivial_chain,3,1,1,1,0,0,2,2,0.6666666666666666,False,disconnected,2,1,0,1,True,finalized_false,True,1.0,1.0,4
h22,h22_scifact_105__source_absent,scifact_105,source_absent,ctrl_parallel_6,controlled_parallel,scifact_claim_105,6,5,3,1,0,1,1,4,0.6666666666666666,False,branching_or_merging,4,3,3,1,0,1,1,2,0.5,False,branching_or_merging,4,1,0,1,True,absent,False,1.0,0.85,0
h22,h22_scifact_105__source_absent,scifact_105,source_absent,ctrl_star_6,controlled_star,scifact_claim_105,6,7,3,3,1,1,1,4,0.6666666666666666,False,branching_or_merging,3,1,1,1,0,0,2,2,0.6666666666666666,False,disconnected,4,3,0,3,True,finalized_false,True,1.0,1.0,3
h22,h22_scifact_105__source_absent,scifact_105,source_absent,ctrl_tree_6,controlled_tree,scifact_claim_105,6,5,2,1,0,1,1,4,0.6666666666666666,False,branching_or_merging,4,1,1,1,0,0,3,2,0.5,False,disconnected,3,2,0,2,True,finalized_false,True,1.0,1.0,2
h22,h22_scifact_105__source_absent,scifact_105,source_absent,ctrl_dense_6,controlled_dense,scifact_claim_105,6,10,4,3,3,3,1,5,0.8333333333333334,False,branching_or_merging,6,10,4,3,3,3,1,5,0.8333333333333334,False,branching_or_merging,10,0,0,0,True,finalized_false,True,1.0,0.85,1
h22,h22_scifact_105__source_absent,scifact_105,source_absent,ctrl_memory_6,controlled_memory,scifact_claim_105,6,5,2,1,0,1,1,5,0.8333333333333334,False,branching_or_merging,5,3,2,1,0,1,2,3,0.6,False,disconnected,4,1,0,1,True,finalized_false,True,0.8,0.95,1
h22,h22_scifact_105__source_deemphasized,scifact_105,source_deemphasized,ctrl_chain_6,controlled_chain,scifact_claim_105,6,5,1,1,0,0,1,6,1.0,True,nontrivial_chain,1,0,0,0,0,0,1,1,1.0,False,singleton,1,1,1,0,True,preventive_correction,False,0.0,0.0,0
h22,h22_scifact_105__source_deemphasized,scifact_105,source_deemphasized,ctrl_parallel_6,controlled_parallel,scifact_claim_105,6,5,3,1,0,1,1,4,0.6666666666666666,False,branching_or_merging,2,1,1,1,0,0,1,2,1.0,True,nontrivial_chain,2,1,0,1,True,absent,False,0.0,0.0,0
h22,h22_scifact_105__source_deemphasized,scifact_105,source_deemphasized,ctrl_star_6,controlled_star,scifact_claim_105,6,7,3,3,1,1,1,4,0.6666666666666666,False,branching_or_merging,1,0,0,0,0,0,1,1,1.0,False,singleton,3,3,0,3,True,absent,False,0.2,0.25,5
h22,h22_scifact_105__source_deemphasized,scifact_105,source_deemphasized,ctrl_tree_6,controlled_tree,scifact_claim_105,6,5,2,1,0,1,1,4,0.6666666666666666,False,branching_or_merging,5,3,1,1,0,0,2,4,0.8,False,disconnected,4,1,0,1,True,finalized_false,True,0.8,0.85,4
h22,h22_scifact_105__source_deemphasized,scifact_105,source_deemphasized,ctrl_dense_6,controlled_dense,scifact_claim_105,6,10,4,3,3,3,1,5,0.8333333333333334,False,branching_or_merging,0,0,0,0,0,0,0,0,,False,empty,0,0,0,0,True,preventive_correction,False,0.0,0.0,1
h22,h22_scifact_105__source_deemphasized,scifact_105,source_deemphasized,ctrl_memory_6,controlled_memory,scifact_claim_105,6,5,2,1,0,1,1,5,0.8333333333333334,False,branching_or_merging,2,0,0,0,0,0,2,1,0.5,False,disconnected,1,1,0,1,True,finalized_false,True,0.0,0.0,1
h22,h22_scifact_105__source_pointer_only,scifact_105,source_pointer_only,ctrl_chain_6,controlled_chain,scifact_claim_105,6,5,1,1,0,0,1,6,1.0,True,nontrivial_chain,3,1,1,1,0,0,2,2,0.6666666666666666,False,disconnected,2,1,0,1,True,finalized_false,True,1.0,1.0,4
h22,h22_scifact_105__source_pointer_only,scifact_105,source_pointer_only,ctrl_parallel_6,controlled_parallel,scifact_claim_105,6,5,3,1,0,1,1,4,0.6666666666666666,False,branching_or_merging,6,5,3,1,0,1,1,4,0.6666666666666666,False,branching_or_merging,5,0,0,0,True,finalized_false,True,1.0,1.0,1
h22,h22_scifact_105__source_pointer_only,scifact_105,source_pointer_only,ctrl_star_6,controlled_star,scifact_claim_105,6,7,3,3,1,1,1,4,0.6666666666666666,False,branching_or_merging,1,0,0,0,0,0,1,1,1.0,False,singleton,3,3,0,3,True,absent,False,1.0,0.95,5
h22,h22_scifact_105__source_pointer_only,scifact_105,source_pointer_only,ctrl_tree_6,controlled_tree,scifact_claim_105,6,5,2,1,0,1,1,4,0.6666666666666666,False,branching_or_merging,5,3,1,1,0,0,2,4,0.8,False,disconnected,4,1,0,1,True,finalized_false,True,1.0,0.95,2
h22,h22_scifact_105__source_pointer_only,scifact_105,source_pointer_only,ctrl_dense_6,controlled_dense,scifact_claim_105,6,10,4,3,3,3,1,5,0.8333333333333334,False,branching_or_merging,6,10,4,3,3,3,1,5,0.8333333333333334,False,branching_or_merging,10,0,0,0,True,finalized_false,True,0.8,1.0,1
h22,h22_scifact_105__source_pointer_only,scifact_105,source_pointer_only,ctrl_memory_6,controlled_memory,scifact_claim_105,6,5,2,1,0,1,1,5,0.8333333333333334,False,branching_or_merging,4,2,2,1,0,1,2,2,0.5,False,disconnected,3,1,0,1,True,finalized_false,True,1.0,1.0,2
h22,h22_scifact_105__source_visible,scifact_105,source_visible,ctrl_chain_6,controlled_chain,scifact_claim_105,6,5,1,1,0,0,1,6,1.0,True,nontrivial_chain,0,0,0,0,0,0,0,0,,False,empty,0,0,0,0,True,absent,False,1.0,0.85,4
h22,h22_scifact_105__source_visible,scifact_105,source_visible,ctrl_parallel_6,controlled_parallel,scifact_claim_105,6,5,3,1,0,1,1,4,0.6666666666666666,False,branching_or_merging,1,0,0,0,0,0,1,1,1.0,False,singleton,1,1,1,0,True,preventive_correction,False,0.0,0.0,0
h22,h22_scifact_105__source_visible,scifact_105,source_visible,ctrl_star_6,controlled_star,scifact_claim_105,6,7,3,3,1,1,1,4,0.6666666666666666,False,branching_or_merging,2,0,0,0,0,0,2,1,0.5,False,disconnected,3,3,0,3,True,finalized_false,True,0.0,0.0,4
h22,h22_scifact_105__source_visible,scifact_105,source_visible,ctrl_tree_6,controlled_tree,scifact_claim_105,6,5,2,1,0,1,1,4,0.6666666666666666,False,branching_or_merging,1,0,0,0,0,0,1,1,1.0,False,singleton,1,1,1,0,True,absent,False,0.0,0.0,0
h22,h22_scifact_105__source_visible,scifact_105,source_visible,ctrl_dense_6,controlled_dense,scifact_claim_105,6,10,4,3,3,3,1,5,0.8333333333333334,False,branching_or_merging,0,0,0,0,0,0,0,0,,False,empty,0,0,0,0,True,absent,False,0.0,0.0,0
h22,h22_scifact_105__source_visible,scifact_105,source_visible,ctrl_memory_6,controlled_memory,scifact_claim_105,6,5,2,1,0,1,1,5,0.8333333333333334,False,branching_or_merging,1,0,0,0,0,0,1,1,1.0,False,singleton,1,1,0,1,True,preventive_correction,False,0.0,0.0,1
scifact_legacy,scifact_104,scifact_104,not_applicable,confidence_cascade,linear,scifact_claim_104,4,3,1,1,0,0,1,4,1.0,True,nontrivial_chain,1,0,0,0,0,0,1,1,1.0,False,singleton,1,1,0,1,True,corrected_false,False,,,0
scifact_legacy,scifact_104,scifact_104,not_applicable,debate_factcheck,branching,scifact_claim_104,5,9,3,3,3,3,1,5,1.0,False,branching_or_merging,1,0,0,0,0,0,1,1,1.0,False,singleton,3,3,0,3,True,absent,False,,,0
scifact_legacy,scifact_104,scifact_104,not_applicable,gatekeeper_laundering,linear,scifact_claim_104,4,5,2,2,2,2,1,4,1.0,False,branching_or_merging,0,0,0,0,0,0,0,0,,False,empty,0,0,0,0,True,absent,False,,,0
scifact_legacy,scifact_104,scifact_104,not_applicable,parallel_verifier,branching,scifact_claim_104,5,6,2,2,2,3,1,4,0.8,False,branching_or_merging,0,0,0,0,0,0,0,0,,False,empty,0,0,0,0,True,corrected_false,False,,,0
scifact_legacy,scifact_105,scifact_105,not_applicable,confidence_cascade,linear,scifact_claim_105,4,3,1,1,0,0,1,4,1.0,True,nontrivial_chain,1,0,0,0,0,0,1,1,1.0,False,singleton,1,1,0,1,True,absent,False,,,0
scifact_legacy,scifact_105,scifact_105,not_applicable,debate_factcheck,branching,scifact_claim_105,5,9,3,3,3,3,1,5,1.0,False,branching_or_merging,3,3,2,2,1,1,1,3,1.0,False,branching_or_merging,7,4,0,4,True,suppressed_false,False,,,0
scifact_legacy,scifact_105,scifact_105,not_applicable,gatekeeper_laundering,linear,scifact_claim_105,4,5,2,2,2,2,1,4,1.0,False,branching_or_merging,0,0,0,0,0,0,0,0,,False,empty,0,0,0,0,True,challenged_false,False,,,0
scifact_legacy,scifact_105,scifact_105,not_applicable,parallel_verifier,branching,scifact_claim_105,5,6,2,2,2,3,1,4,0.8,False,branching_or_merging,0,0,0,0,0,0,0,0,,False,empty,0,0,0,0,True,challenged_false,False,,,0
scifact_legacy,scifact_106,scifact_106,not_applicable,confidence_cascade,linear,scifact_claim_106,4,3,1,1,0,0,1,4,1.0,True,nontrivial_chain,0,0,0,0,0,0,0,0,,False,empty,0,0,0,0,True,preventive_correction,False,,,0
scifact_legacy,scifact_106,scifact_106,not_applicable,debate_factcheck,branching,scifact_claim_106,5,9,3,3,3,3,1,5,1.0,False,branching_or_merging,1,0,0,0,0,0,1,1,1.0,False,singleton,3,3,1,2,True,corrected_false,False,,,0
scifact_legacy,scifact_106,scifact_106,not_applicable,gatekeeper_laundering,linear,scifact_claim_106,4,5,2,2,2,2,1,4,1.0,False,branching_or_merging,1,0,0,0,0,0,1,1,1.0,False,singleton,1,1,1,0,True,corrected_false,False,,,0
scifact_legacy,scifact_106,scifact_106,not_applicable,parallel_verifier,branching,scifact_claim_106,5,6,2,2,2,3,1,4,0.8,False,branching_or_merging,0,0,0,0,0,0,0,0,,False,empty,0,0,0,0,True,absent,False,,,0
scifact_legacy,scifact_112,scifact_112,not_applicable,confidence_cascade,linear,scifact_claim_112,4,3,1,1,0,0,1,4,1.0,True,nontrivial_chain,0,0,0,0,0,0,0,0,,False,empty,0,0,0,0,True,preventive_correction,False,,,0
scifact_legacy,scifact_112,scifact_112,not_applicable,debate_factcheck,branching,scifact_claim_112,5,9,3,3,3,3,1,5,1.0,False,branching_or_merging,1,0,0,0,0,0,1,1,1.0,False,singleton,3,3,0,3,True,preventive_correction,False,,,0
scifact_legacy,scifact_112,scifact_112,not_applicable,gatekeeper_laundering,linear,scifact_claim_112,4,5,2,2,2,2,1,4,1.0,False,branching_or_merging,1,0,0,0,0,0,1,1,1.0,False,singleton,1,1,0,1,True,suppressed_false,False,,,0
scifact_legacy,scifact_112,scifact_112,not_applicable,parallel_verifier,branching,scifact_claim_112,5,6,2,2,2,3,1,4,0.8,False,branching_or_merging,0,0,0,0,0,0,0,0,,False,empty,0,0,0,0,True,absent,False,,,0
scifact_legacy,scifact_119,scifact_119,not_applicable,confidence_cascade,linear,scifact_claim_119,4,3,1,1,0,0,1,4,1.0,True,nontrivial_chain,0,0,0,0,0,0,0,0,,False,empty,0,0,0,0,True,preventive_correction,False,,,0
scifact_legacy,scifact_119,scifact_119,not_applicable,debate_factcheck,branching,scifact_claim_119,5,9,3,3,3,3,1,5,1.0,False,branching_or_merging,1,0,0,0,0,0,1,1,1.0,False,singleton,3,3,0,3,True,absent,False,,,0
scifact_legacy,scifact_119,scifact_119,not_applicable,gatekeeper_laundering,linear,scifact_claim_119,4,5,2,2,2,2,1,4,1.0,False,branching_or_merging,0,0,0,0,0,0,0,0,,False,empty,0,0,0,0,True,corrected_false,False,,,0
scifact_legacy,scifact_119,scifact_119,not_applicable,parallel_verifier,branching,scifact_claim_119,5,6,2,2,2,3,1,4,0.8,False,branching_or_merging,0,0,0,0,0,0,0,0,,False,empty,0,0,0,0,True,absent,False,,,0
