mode_A,mode_B,mode_C,full_loss,potential,psi_A,psi_B,psi_C,is_equilibrium,is_global_optimum
careful,careful,careful,0.0,1.1416666666666666,-0.6916666666666667,-0.29166666666666663,-0.01666666666666668,True,True
careful,careful,shortcut,0.050000000000000044,1.1583333333333332,-0.6749999999999999,-0.2749999999999999,0.0,False,False
careful,careful,distorter,0.050000000000000044,1.1583333333333332,-0.6749999999999999,-0.2749999999999999,0.0,False,False
careful,shortcut,careful,0.3833333333333333,1.325,-0.5083333333333333,-0.10833333333333332,0.0,False,False
careful,shortcut,shortcut,0.3833333333333333,1.325,-0.5083333333333333,-0.10833333333333332,0.0,False,False
careful,shortcut,distorter,0.3333333333333333,1.3083333333333333,-0.525,-0.12499999999999999,-0.016666666666666663,False,False
careful,distorter,careful,0.1166666666666667,1.2,-0.6333333333333333,-0.2333333333333333,-0.016666666666666642,False,False
careful,distorter,shortcut,0.16666666666666663,1.2166666666666666,-0.6166666666666667,-0.21666666666666665,0.0,False,False
careful,distorter,distorter,0.16666666666666663,1.2166666666666666,-0.6166666666666667,-0.21666666666666665,0.0,False,False
shortcut,careful,careful,0.2833333333333333,1.3333333333333333,-0.5,-0.19999999999999993,-0.016666666666666663,False,False
shortcut,careful,shortcut,0.3333333333333333,1.3499999999999999,-0.4833333333333334,-0.18333333333333326,0.0,False,False
shortcut,careful,distorter,0.3333333333333333,1.3499999999999999,-0.4833333333333334,-0.18333333333333326,0.0,False,False
shortcut,shortcut,careful,0.4333333333333333,1.4027777777777777,-0.4305555555555556,-0.13055555555555548,-0.005555555555555554,False,False
shortcut,shortcut,shortcut,0.44999999999999996,1.4083333333333332,-0.42500000000000004,-0.12499999999999993,0.0,False,False
shortcut,shortcut,distorter,0.4000000000000001,1.3916666666666666,-0.44166666666666665,-0.14166666666666655,-0.016666666666666625,False,False
shortcut,distorter,careful,0.25,1.3166666666666664,-0.5166666666666667,-0.21666666666666656,-0.01666666666666668,False,False
shortcut,distorter,shortcut,0.30000000000000004,1.3333333333333333,-0.5,-0.19999999999999987,0.0,False,False
shortcut,distorter,distorter,0.30000000000000004,1.3333333333333333,-0.5,-0.19999999999999987,0.0,False,False
distorter,careful,careful,0.5333333333333333,1.4833333333333332,-0.35,-0.09999999999999998,-0.01666666666666668,False,False
distorter,careful,shortcut,0.5333333333333333,1.4833333333333332,-0.35,-0.09999999999999998,-0.01666666666666668,False,False
distorter,careful,distorter,0.5833333333333334,1.5,-0.33333333333333326,-0.08333333333333331,0.0,False,False
distorter,shortcut,careful,0.5333333333333333,1.4833333333333332,-0.35,-0.09999999999999998,-0.01666666666666668,False,False
distorter,shortcut,shortcut,0.5333333333333333,1.4833333333333332,-0.35,-0.09999999999999998,-0.01666666666666668,False,False
distorter,shortcut,distorter,0.5833333333333334,1.5,-0.33333333333333326,-0.08333333333333331,0.0,False,False
distorter,distorter,careful,0.48333333333333334,1.4583333333333333,-0.37499999999999994,-0.12499999999999999,-0.016666666666666663,False,False
distorter,distorter,shortcut,0.48333333333333334,1.4583333333333333,-0.37499999999999994,-0.12499999999999999,-0.016666666666666663,False,False
distorter,distorter,distorter,0.5333333333333333,1.4749999999999999,-0.3583333333333333,-0.10833333333333332,0.0,False,False
