agent,mode,full_loss,behavior_shapley_penalty,loo_penalty
A,careful,0.1061728395061728,-0.297119341563786,0.0
A,shortcut,0.1061728395061728,-0.257201646090535,0.0
A,distorter,0.1061728395061728,-0.0674897119341563,0.0
B,careful,0.1061728395061728,-0.2934156378600823,0.0
B,shortcut,0.1061728395061728,-0.2224279835390946,0.0
B,distorter,0.1061728395061728,0.0318930041152263,0.0
C,careful,0.1061728395061728,-0.3032921810699589,-0.009876543209876548
C,shortcut,0.3345679012345679,-0.0748971193415637,0.21851851851851856
C,distorter,0.8135802469135803,0.4041152263374487,0.697530864197531
