agent,mode,cases,mean_loss,ci95_low,ci95_high
A,careful,30,0.10864197530864197,0.05432098765432099,0.1679012345679012
A,distorter,30,0.797530864197531,0.7382716049382715,0.8481481481481481
A,shortcut,30,0.22839506172839508,0.1654320987654321,0.2938271604938272
B,careful,30,0.11604938271604939,0.06419753086419754,0.1716049382716049
B,distorter,30,0.7666666666666667,0.717283950617284,0.8148148148148148
B,shortcut,30,0.25802469135802464,0.1765432098765432,0.3481481481481481
C,careful,30,0.10617283950617283,0.05432098765432099,0.16419753086419756
C,distorter,30,0.8135802469135803,0.7765432098765431,0.8493827160493826
C,shortcut,30,0.33456790123456787,0.2271604938271605,0.4481481481481481
