environment,incentive,pure_ne_count,equilibria,best_ne_loss,worst_ne_loss,c_absent_loss_best,c_absent_loss_worst
modular,Behavior Shapley,1,careful|careful|careful,0.1172839506172839,0.1172839506172839,0.39753086419753086,0.39753086419753086
modular,LOO,1,careful|careful|careful,0.1172839506172839,0.1172839506172839,0.39753086419753086,0.39753086419753086
modular,Team loss,1,careful|careful|careful,0.1172839506172839,0.1172839506172839,0.39753086419753086,0.39753086419753086
majority,Behavior Shapley,1,careful|careful|careful,0.1024691358024691,0.1024691358024691,0.14691358024691356,0.14691358024691356
majority,LOO,1,careful|careful|careful,0.1024691358024691,0.1024691358024691,0.14691358024691356,0.14691358024691356
majority,Team loss,1,careful|careful|careful,0.1024691358024691,0.1024691358024691,0.14691358024691356,0.14691358024691356
gatekeeper,Behavior Shapley,1,careful|careful|careful,0.1061728395061728,0.1061728395061728,0.11604938271604938,0.11604938271604938
gatekeeper,LOO,9,careful|careful|careful; careful|shortcut|careful; careful|distorter|careful; shortcut|careful|careful; shortcut|shortcut|careful; shortcut|distorter|careful; distorter|careful|careful; distorter|shortcut|careful; distorter|distorter|careful,0.1061728395061728,0.1061728395061728,0.11604938271604938,0.7666666666666667
gatekeeper,Team loss,9,careful|careful|careful; careful|shortcut|careful; careful|distorter|careful; shortcut|careful|careful; shortcut|shortcut|careful; shortcut|distorter|careful; distorter|careful|careful; distorter|shortcut|careful; distorter|distorter|careful,0.1061728395061728,0.1061728395061728,0.11604938271604938,0.7666666666666667
