environment,profile,cases,mean_loss,ci95_low,ci95_high
modular,careful|careful|careful,30,0.11728395061728397,0.0678703703703704,0.17407407407407405
modular,shortcut|shortcut|shortcut,30,0.2679012345679012,0.19012345679012344,0.34814814814814815
modular,distorter|distorter|distorter,30,0.7962962962962963,0.7481481481481481,0.8395061728395062
majority,careful|careful|careful,30,0.10246913580246915,0.050617283950617285,0.15925925925925927
majority,shortcut|shortcut|shortcut,30,0.2419753086419753,0.1740432098765432,0.31234567901234567
majority,distorter|distorter|distorter,30,0.8049382716049384,0.7555555555555553,0.8506172839506173
gatekeeper,careful|careful|careful,30,0.10617283950617283,0.05432098765432099,0.16296296296296298
gatekeeper,shortcut|shortcut|shortcut,30,0.33456790123456787,0.2271604938271605,0.44691358024691363
gatekeeper,distorter|distorter|distorter,30,0.8135802469135803,0.7753086419753088,0.8493827160493826
