task_family,mode,cases,mean_loss,ci95_low,ci95_high
eligibility,careful,10,0.0,0.0,0.0
eligibility,distorter,10,0.7370370370370372,0.6333333333333334,0.8407407407407408
eligibility,shortcut,10,0.012345679012345678,0.0,0.02839506172839506
logistics,careful,10,0.19012345679012346,0.09012345679012344,0.29876543209876544
logistics,distorter,10,0.8246913580246913,0.7716049382716049,0.8777777777777779
logistics,shortcut,10,0.3111111111111111,0.24691358024691362,0.3802469135802469
procurement,careful,10,0.14074074074074072,0.07901234567901234,0.20123456790123456
procurement,distorter,10,0.8160493827160493,0.7814814814814814,0.8567901234567901
procurement,shortcut,10,0.49753086419753084,0.4419753086419753,0.5592592592592592
