environment,start,step,agent,before,after,psi_before,psi_after
modular,careful|careful|shortcut,1,C,careful|careful|shortcut,careful|careful|careful,-0.19629629629629627,-0.28024691358024684
modular,careful|careful|distorter,1,C,careful|careful|distorter,careful|careful|careful,-0.07530864197530869,-0.28024691358024684
modular,careful|shortcut|careful,1,B,careful|shortcut|careful,careful|careful|careful,-0.2123456790123457,-0.2765432098765432
modular,careful|shortcut|shortcut,1,B,careful|shortcut|shortcut,careful|careful|shortcut,-0.2123456790123457,-0.2765432098765432
modular,careful|shortcut|shortcut,2,C,careful|careful|shortcut,careful|careful|careful,-0.19629629629629627,-0.28024691358024684
modular,careful|shortcut|distorter,1,B,careful|shortcut|distorter,careful|careful|distorter,-0.21234567901234566,-0.27654320987654313
modular,careful|shortcut|distorter,2,C,careful|careful|distorter,careful|careful|careful,-0.07530864197530869,-0.28024691358024684
modular,careful|distorter|careful,1,B,careful|distorter|careful,careful|careful|careful,-0.10617283950617287,-0.2765432098765432
modular,careful|distorter|shortcut,1,B,careful|distorter|shortcut,careful|careful|shortcut,-0.10617283950617287,-0.2765432098765432
modular,careful|distorter|shortcut,2,C,careful|careful|shortcut,careful|careful|careful,-0.19629629629629627,-0.28024691358024684
modular,careful|distorter|distorter,1,B,careful|distorter|distorter,careful|careful|distorter,-0.1061728395061728,-0.27654320987654313
modular,careful|distorter|distorter,2,C,careful|careful|distorter,careful|careful|careful,-0.07530864197530869,-0.28024691358024684
modular,shortcut|careful|careful,1,A,shortcut|careful|careful,careful|careful|careful,-0.3234567901234568,-0.32592592592592595
modular,shortcut|careful|shortcut,1,A,shortcut|careful|shortcut,careful|careful|shortcut,-0.3234567901234568,-0.32592592592592595
modular,shortcut|careful|shortcut,2,C,careful|careful|shortcut,careful|careful|careful,-0.19629629629629627,-0.28024691358024684
modular,shortcut|careful|distorter,1,A,shortcut|careful|distorter,careful|careful|distorter,-0.32345679012345674,-0.3259259259259259
modular,shortcut|careful|distorter,2,C,careful|careful|distorter,careful|careful|careful,-0.07530864197530869,-0.28024691358024684
modular,shortcut|shortcut|careful,1,A,shortcut|shortcut|careful,careful|shortcut|careful,-0.32345679012345674,-0.3259259259259259
modular,shortcut|shortcut|careful,2,B,careful|shortcut|careful,careful|careful|careful,-0.2123456790123457,-0.2765432098765432
modular,shortcut|shortcut|shortcut,1,A,shortcut|shortcut|shortcut,careful|shortcut|shortcut,-0.32345679012345674,-0.3259259259259259
modular,shortcut|shortcut|shortcut,2,B,careful|shortcut|shortcut,careful|careful|shortcut,-0.2123456790123457,-0.2765432098765432
modular,shortcut|shortcut|shortcut,3,C,careful|careful|shortcut,careful|careful|careful,-0.19629629629629627,-0.28024691358024684
modular,shortcut|shortcut|distorter,1,A,shortcut|shortcut|distorter,careful|shortcut|distorter,-0.32345679012345674,-0.32592592592592584
modular,shortcut|shortcut|distorter,2,B,careful|shortcut|distorter,careful|careful|distorter,-0.21234567901234566,-0.27654320987654313
modular,shortcut|shortcut|distorter,3,C,careful|careful|distorter,careful|careful|careful,-0.07530864197530869,-0.28024691358024684
modular,shortcut|distorter|careful,1,A,shortcut|distorter|careful,careful|distorter|careful,-0.32345679012345674,-0.3259259259259259
modular,shortcut|distorter|careful,2,B,careful|distorter|careful,careful|careful|careful,-0.10617283950617287,-0.2765432098765432
modular,shortcut|distorter|shortcut,1,A,shortcut|distorter|shortcut,careful|distorter|shortcut,-0.32345679012345674,-0.3259259259259259
modular,shortcut|distorter|shortcut,2,B,careful|distorter|shortcut,careful|careful|shortcut,-0.10617283950617287,-0.2765432098765432
modular,shortcut|distorter|shortcut,3,C,careful|careful|shortcut,careful|careful|careful,-0.19629629629629627,-0.28024691358024684
modular,shortcut|distorter|distorter,1,A,shortcut|distorter|distorter,careful|distorter|distorter,-0.32345679012345674,-0.32592592592592584
modular,shortcut|distorter|distorter,2,B,careful|distorter|distorter,careful|careful|distorter,-0.1061728395061728,-0.27654320987654313
modular,shortcut|distorter|distorter,3,C,careful|careful|distorter,careful|careful|careful,-0.07530864197530869,-0.28024691358024684
modular,distorter|careful|careful,1,A,distorter|careful|careful,careful|careful|careful,-0.022222222222222233,-0.32592592592592595
modular,distorter|careful|shortcut,1,A,distorter|careful|shortcut,careful|careful|shortcut,-0.022222222222222254,-0.32592592592592595
modular,distorter|careful|shortcut,2,C,careful|careful|shortcut,careful|careful|careful,-0.19629629629629627,-0.28024691358024684
modular,distorter|careful|distorter,1,A,distorter|careful|distorter,careful|careful|distorter,-0.022222222222222216,-0.3259259259259259
modular,distorter|careful|distorter,2,C,careful|careful|distorter,careful|careful|careful,-0.07530864197530869,-0.28024691358024684
modular,distorter|shortcut|careful,1,A,distorter|shortcut|careful,careful|shortcut|careful,-0.022222222222222233,-0.3259259259259259
modular,distorter|shortcut|careful,2,B,careful|shortcut|careful,careful|careful|careful,-0.2123456790123457,-0.2765432098765432
modular,distorter|shortcut|shortcut,1,A,distorter|shortcut|shortcut,careful|shortcut|shortcut,-0.022222222222222254,-0.3259259259259259
modular,distorter|shortcut|shortcut,2,B,careful|shortcut|shortcut,careful|careful|shortcut,-0.2123456790123457,-0.2765432098765432
modular,distorter|shortcut|shortcut,3,C,careful|careful|shortcut,careful|careful|careful,-0.19629629629629627,-0.28024691358024684
modular,distorter|shortcut|distorter,1,A,distorter|shortcut|distorter,careful|shortcut|distorter,-0.022222222222222216,-0.32592592592592584
modular,distorter|shortcut|distorter,2,B,careful|shortcut|distorter,careful|careful|distorter,-0.21234567901234566,-0.27654320987654313
modular,distorter|shortcut|distorter,3,C,careful|careful|distorter,careful|careful|careful,-0.07530864197530869,-0.28024691358024684
modular,distorter|distorter|careful,1,A,distorter|distorter|careful,careful|distorter|careful,-0.022222222222222216,-0.3259259259259259
modular,distorter|distorter|careful,2,B,careful|distorter|careful,careful|careful|careful,-0.10617283950617287,-0.2765432098765432
modular,distorter|distorter|shortcut,1,A,distorter|distorter|shortcut,careful|distorter|shortcut,-0.022222222222222254,-0.3259259259259259
modular,distorter|distorter|shortcut,2,B,careful|distorter|shortcut,careful|careful|shortcut,-0.10617283950617287,-0.2765432098765432
modular,distorter|distorter|shortcut,3,C,careful|careful|shortcut,careful|careful|careful,-0.19629629629629627,-0.28024691358024684
modular,distorter|distorter|distorter,1,A,distorter|distorter|distorter,careful|distorter|distorter,-0.022222222222222216,-0.32592592592592584
modular,distorter|distorter|distorter,2,B,careful|distorter|distorter,careful|careful|distorter,-0.1061728395061728,-0.27654320987654313
modular,distorter|distorter|distorter,3,C,careful|careful|distorter,careful|careful|careful,-0.07530864197530869,-0.28024691358024684
majority,careful|careful|shortcut,1,C,careful|careful|shortcut,careful|careful|careful,-0.14897119341563786,-0.3041152263374486
majority,careful|careful|distorter,1,C,careful|careful|distorter,careful|careful|careful,0.17818930041152267,-0.3041152263374486
majority,careful|shortcut|careful,1,B,careful|shortcut|careful,careful|careful|careful,-0.1983539094650206,-0.2967078189300411
majority,careful|shortcut|shortcut,1,B,careful|shortcut|shortcut,careful|careful|shortcut,-0.2588477366255144,-0.3662551440329218
majority,careful|shortcut|shortcut,2,C,careful|careful|shortcut,careful|careful|careful,-0.14897119341563786,-0.3041152263374486
majority,careful|shortcut|distorter,1,B,careful|shortcut|distorter,careful|careful|distorter,-0.41028806584362143,-0.5199588477366255
majority,careful|shortcut|distorter,2,C,careful|careful|distorter,careful|careful|careful,0.17818930041152267,-0.3041152263374486
majority,careful|distorter|careful,1,B,careful|distorter|careful,careful|careful|careful,0.14526748971193418,-0.2967078189300411
majority,careful|distorter|shortcut,1,B,careful|distorter|shortcut,careful|careful|shortcut,0.09691358024691364,-0.3662551440329218
majority,careful|distorter|shortcut,2,C,careful|careful|shortcut,careful|careful|careful,-0.14897119341563786,-0.3041152263374486
majority,careful|distorter|distorter,1,B,careful|distorter|distorter,careful|careful|distorter,0.007407407407407453,-0.5199588477366255
majority,careful|distorter|distorter,2,C,careful|careful|distorter,careful|careful|careful,0.17818930041152267,-0.3041152263374486
majority,shortcut|careful|careful,1,A,shortcut|careful|careful,careful|careful|careful,-0.21419753086419752,-0.2967078189300411
majority,shortcut|careful|shortcut,1,A,shortcut|careful|shortcut,careful|careful|shortcut,-0.2730452674897119,-0.360082304526749
majority,shortcut|careful|shortcut,2,C,careful|careful|shortcut,careful|careful|careful,-0.14897119341563786,-0.3041152263374486
majority,shortcut|careful|distorter,1,A,shortcut|careful|distorter,careful|careful|distorter,-0.4353909465020577,-0.5211934156378601
majority,shortcut|careful|distorter,2,C,careful|careful|distorter,careful|careful|careful,0.17818930041152267,-0.3041152263374486
majority,shortcut|shortcut|careful,1,A,shortcut|shortcut|careful,careful|shortcut|careful,-0.24773662551440329,-0.33600823045267486
majority,shortcut|shortcut|careful,2,B,careful|shortcut|careful,careful|careful|careful,-0.1983539094650206,-0.2967078189300411
majority,shortcut|shortcut|shortcut,1,A,shortcut|shortcut|shortcut,careful|shortcut|shortcut,-0.29588477366255145,-0.3483539094650206
majority,shortcut|shortcut|shortcut,2,B,careful|shortcut|shortcut,careful|careful|shortcut,-0.2588477366255144,-0.3662551440329218
majority,shortcut|shortcut|shortcut,3,C,careful|careful|shortcut,careful|careful|careful,-0.14897119341563786,-0.3041152263374486
majority,shortcut|shortcut|distorter,1,A,shortcut|shortcut|distorter,careful|shortcut|distorter,-0.43765432098765433,-0.48806584362139915
majority,shortcut|shortcut|distorter,2,B,careful|shortcut|distorter,careful|careful|distorter,-0.41028806584362143,-0.5199588477366255
majority,shortcut|shortcut|distorter,3,C,careful|careful|distorter,careful|careful|careful,0.17818930041152267,-0.3041152263374486
majority,shortcut|distorter|careful,1,A,shortcut|distorter|careful,careful|distorter|careful,-0.41810699588477374,-0.5047325102880658
majority,shortcut|distorter|careful,2,B,careful|distorter|careful,careful|careful|careful,0.14526748971193418,-0.2967078189300411
majority,shortcut|distorter|shortcut,1,A,shortcut|distorter|shortcut,careful|distorter|shortcut,-0.42263374485596716,-0.46851851851851856
majority,shortcut|distorter|shortcut,2,B,careful|distorter|shortcut,careful|careful|shortcut,0.09691358024691364,-0.3662551440329218
majority,shortcut|distorter|shortcut,3,C,careful|careful|shortcut,careful|careful|careful,-0.14897119341563786,-0.3041152263374486
majority,shortcut|distorter|distorter,1,A,shortcut|distorter|distorter,careful|distorter|distorter,-0.2779835390946503,-0.3259259259259259
majority,shortcut|distorter|distorter,2,B,careful|distorter|distorter,careful|careful|distorter,0.007407407407407453,-0.5199588477366255
majority,shortcut|distorter|distorter,3,C,careful|careful|distorter,careful|careful|careful,0.17818930041152267,-0.3041152263374486
majority,distorter|careful|careful,1,A,distorter|careful|careful,careful|careful|careful,0.16522633744855963,-0.2967078189300411
majority,distorter|careful|shortcut,1,A,distorter|careful|shortcut,careful|careful|shortcut,0.12489711934156378,-0.360082304526749
majority,distorter|careful|shortcut,2,C,careful|careful|shortcut,careful|careful|careful,-0.14897119341563786,-0.3041152263374486
majority,distorter|careful|distorter,1,A,distorter|careful|distorter,careful|careful|distorter,0.036831275720164564,-0.5211934156378601
majority,distorter|careful|distorter,2,C,careful|careful|distorter,careful|careful|careful,0.17818930041152267,-0.3041152263374486
majority,distorter|shortcut|careful,1,A,distorter|shortcut|careful,careful|shortcut|careful,0.13930041152263373,-0.33600823045267486
majority,distorter|shortcut|careful,2,B,careful|shortcut|careful,careful|careful|careful,-0.1983539094650206,-0.2967078189300411
majority,distorter|shortcut|shortcut,1,A,distorter|shortcut|shortcut,careful|shortcut|shortcut,0.09979423868312755,-0.3483539094650206
majority,distorter|shortcut|shortcut,2,B,careful|shortcut|shortcut,careful|careful|shortcut,-0.2588477366255144,-0.3662551440329218
majority,distorter|shortcut|shortcut,3,C,careful|careful|shortcut,careful|careful|careful,-0.14897119341563786,-0.3041152263374486
majority,distorter|shortcut|distorter,1,A,distorter|shortcut|distorter,careful|shortcut|distorter,0.012551440329218067,-0.48806584362139915
majority,distorter|shortcut|distorter,2,B,careful|shortcut|distorter,careful|careful|distorter,-0.41028806584362143,-0.5199588477366255
majority,distorter|shortcut|distorter,3,C,careful|careful|distorter,careful|careful|careful,0.17818930041152267,-0.3041152263374486
majority,distorter|distorter|careful,1,A,distorter|distorter|careful,careful|distorter|careful,0.05020576131687237,-0.5047325102880658
majority,distorter|distorter|careful,2,B,careful|distorter|careful,careful|careful|careful,0.14526748971193418,-0.2967078189300411
majority,distorter|distorter|shortcut,1,A,distorter|distorter|shortcut,careful|distorter|shortcut,0.009053497942386763,-0.46851851851851856
majority,distorter|distorter|shortcut,2,B,careful|distorter|shortcut,careful|careful|shortcut,0.09691358024691364,-0.3662551440329218
majority,distorter|distorter|shortcut,3,C,careful|careful|shortcut,careful|careful|careful,-0.14897119341563786,-0.3041152263374486
majority,distorter|distorter|distorter,1,A,distorter|distorter|distorter,careful|distorter|distorter,-0.06584362139917699,-0.3259259259259259
majority,distorter|distorter|distorter,2,B,careful|distorter|distorter,careful|careful|distorter,0.007407407407407453,-0.5199588477366255
majority,distorter|distorter|distorter,3,C,careful|careful|distorter,careful|careful|careful,0.17818930041152267,-0.3041152263374486
gatekeeper,careful|careful|shortcut,1,C,careful|careful|shortcut,careful|careful|careful,-0.07489711934156376,-0.3032921810699589
gatekeeper,careful|careful|distorter,1,C,careful|careful|distorter,careful|careful|careful,0.4041152263374487,-0.3032921810699589
gatekeeper,careful|shortcut|careful,1,B,careful|shortcut|careful,careful|careful|careful,-0.22242798353909468,-0.2934156378600823
gatekeeper,careful|shortcut|shortcut,1,B,careful|shortcut|shortcut,careful|careful|shortcut,-0.22242798353909468,-0.2934156378600823
gatekeeper,careful|shortcut|shortcut,2,C,careful|careful|shortcut,careful|careful|careful,-0.07489711934156376,-0.3032921810699589
gatekeeper,careful|shortcut|distorter,1,B,careful|shortcut|distorter,careful|careful|distorter,-0.22242798353909468,-0.2934156378600823
gatekeeper,careful|shortcut|distorter,2,C,careful|careful|distorter,careful|careful|careful,0.4041152263374487,-0.3032921810699589
gatekeeper,careful|distorter|careful,1,B,careful|distorter|careful,careful|careful|careful,0.03189300411522637,-0.2934156378600823
gatekeeper,careful|distorter|shortcut,1,B,careful|distorter|shortcut,careful|careful|shortcut,0.03189300411522637,-0.2934156378600823
gatekeeper,careful|distorter|shortcut,2,C,careful|careful|shortcut,careful|careful|careful,-0.07489711934156376,-0.3032921810699589
gatekeeper,careful|distorter|distorter,1,B,careful|distorter|distorter,careful|careful|distorter,0.03189300411522637,-0.2934156378600823
gatekeeper,careful|distorter|distorter,2,C,careful|careful|distorter,careful|careful|careful,0.4041152263374487,-0.3032921810699589
gatekeeper,shortcut|careful|careful,1,A,shortcut|careful|careful,careful|careful|careful,-0.257201646090535,-0.297119341563786
gatekeeper,shortcut|careful|shortcut,1,A,shortcut|careful|shortcut,careful|careful|shortcut,-0.257201646090535,-0.297119341563786
gatekeeper,shortcut|careful|shortcut,2,C,careful|careful|shortcut,careful|careful|careful,-0.07489711934156376,-0.3032921810699589
gatekeeper,shortcut|careful|distorter,1,A,shortcut|careful|distorter,careful|careful|distorter,-0.257201646090535,-0.297119341563786
gatekeeper,shortcut|careful|distorter,2,C,careful|careful|distorter,careful|careful|careful,0.4041152263374487,-0.3032921810699589
gatekeeper,shortcut|shortcut|careful,1,A,shortcut|shortcut|careful,careful|shortcut|careful,-0.257201646090535,-0.297119341563786
gatekeeper,shortcut|shortcut|careful,2,B,careful|shortcut|careful,careful|careful|careful,-0.22242798353909468,-0.2934156378600823
gatekeeper,shortcut|shortcut|shortcut,1,A,shortcut|shortcut|shortcut,careful|shortcut|shortcut,-0.257201646090535,-0.297119341563786
gatekeeper,shortcut|shortcut|shortcut,2,B,careful|shortcut|shortcut,careful|careful|shortcut,-0.22242798353909468,-0.2934156378600823
gatekeeper,shortcut|shortcut|shortcut,3,C,careful|careful|shortcut,careful|careful|careful,-0.07489711934156376,-0.3032921810699589
gatekeeper,shortcut|shortcut|distorter,1,A,shortcut|shortcut|distorter,careful|shortcut|distorter,-0.257201646090535,-0.297119341563786
gatekeeper,shortcut|shortcut|distorter,2,B,careful|shortcut|distorter,careful|careful|distorter,-0.22242798353909468,-0.2934156378600823
gatekeeper,shortcut|shortcut|distorter,3,C,careful|careful|distorter,careful|careful|careful,0.4041152263374487,-0.3032921810699589
gatekeeper,shortcut|distorter|careful,1,A,shortcut|distorter|careful,careful|distorter|careful,-0.257201646090535,-0.297119341563786
gatekeeper,shortcut|distorter|careful,2,B,careful|distorter|careful,careful|careful|careful,0.03189300411522637,-0.2934156378600823
gatekeeper,shortcut|distorter|shortcut,1,A,shortcut|distorter|shortcut,careful|distorter|shortcut,-0.257201646090535,-0.297119341563786
gatekeeper,shortcut|distorter|shortcut,2,B,careful|distorter|shortcut,careful|careful|shortcut,0.03189300411522637,-0.2934156378600823
gatekeeper,shortcut|distorter|shortcut,3,C,careful|careful|shortcut,careful|careful|careful,-0.07489711934156376,-0.3032921810699589
gatekeeper,shortcut|distorter|distorter,1,A,shortcut|distorter|distorter,careful|distorter|distorter,-0.257201646090535,-0.297119341563786
gatekeeper,shortcut|distorter|distorter,2,B,careful|distorter|distorter,careful|careful|distorter,0.03189300411522637,-0.2934156378600823
gatekeeper,shortcut|distorter|distorter,3,C,careful|careful|distorter,careful|careful|careful,0.4041152263374487,-0.3032921810699589
gatekeeper,distorter|careful|careful,1,A,distorter|careful|careful,careful|careful|careful,-0.06748971193415639,-0.297119341563786
gatekeeper,distorter|careful|shortcut,1,A,distorter|careful|shortcut,careful|careful|shortcut,-0.06748971193415639,-0.297119341563786
gatekeeper,distorter|careful|shortcut,2,C,careful|careful|shortcut,careful|careful|careful,-0.07489711934156376,-0.3032921810699589
gatekeeper,distorter|careful|distorter,1,A,distorter|careful|distorter,careful|careful|distorter,-0.06748971193415639,-0.297119341563786
gatekeeper,distorter|careful|distorter,2,C,careful|careful|distorter,careful|careful|careful,0.4041152263374487,-0.3032921810699589
gatekeeper,distorter|shortcut|careful,1,A,distorter|shortcut|careful,careful|shortcut|careful,-0.06748971193415639,-0.297119341563786
gatekeeper,distorter|shortcut|careful,2,B,careful|shortcut|careful,careful|careful|careful,-0.22242798353909468,-0.2934156378600823
gatekeeper,distorter|shortcut|shortcut,1,A,distorter|shortcut|shortcut,careful|shortcut|shortcut,-0.06748971193415639,-0.297119341563786
gatekeeper,distorter|shortcut|shortcut,2,B,careful|shortcut|shortcut,careful|careful|shortcut,-0.22242798353909468,-0.2934156378600823
gatekeeper,distorter|shortcut|shortcut,3,C,careful|careful|shortcut,careful|careful|careful,-0.07489711934156376,-0.3032921810699589
gatekeeper,distorter|shortcut|distorter,1,A,distorter|shortcut|distorter,careful|shortcut|distorter,-0.06748971193415639,-0.297119341563786
gatekeeper,distorter|shortcut|distorter,2,B,careful|shortcut|distorter,careful|careful|distorter,-0.22242798353909468,-0.2934156378600823
gatekeeper,distorter|shortcut|distorter,3,C,careful|careful|distorter,careful|careful|careful,0.4041152263374487,-0.3032921810699589
gatekeeper,distorter|distorter|careful,1,A,distorter|distorter|careful,careful|distorter|careful,-0.06748971193415639,-0.297119341563786
gatekeeper,distorter|distorter|careful,2,B,careful|distorter|careful,careful|careful|careful,0.03189300411522637,-0.2934156378600823
gatekeeper,distorter|distorter|shortcut,1,A,distorter|distorter|shortcut,careful|distorter|shortcut,-0.06748971193415639,-0.297119341563786
gatekeeper,distorter|distorter|shortcut,2,B,careful|distorter|shortcut,careful|careful|shortcut,0.03189300411522637,-0.2934156378600823
gatekeeper,distorter|distorter|shortcut,3,C,careful|careful|shortcut,careful|careful|careful,-0.07489711934156376,-0.3032921810699589
gatekeeper,distorter|distorter|distorter,1,A,distorter|distorter|distorter,careful|distorter|distorter,-0.06748971193415639,-0.297119341563786
gatekeeper,distorter|distorter|distorter,2,B,careful|distorter|distorter,careful|careful|distorter,0.03189300411522637,-0.2934156378600823
gatekeeper,distorter|distorter|distorter,3,C,careful|careful|distorter,careful|careful|careful,0.4041152263374487,-0.3032921810699589
