case_id,family,repeat,agent,mode,standalone_loss
E1,eligibility,0,A,careful,0.0
E1,eligibility,0,A,distorter,0.8888888888888888
E1,eligibility,0,A,shortcut,0.0
E1,eligibility,0,B,careful,0.0
E1,eligibility,0,B,distorter,0.8888888888888888
E1,eligibility,0,B,shortcut,0.0
E1,eligibility,0,C,careful,0.0
E1,eligibility,0,C,distorter,0.8888888888888888
E1,eligibility,0,C,shortcut,0.0
E1,eligibility,1,A,careful,0.0
E1,eligibility,1,A,distorter,0.8888888888888888
E1,eligibility,1,A,shortcut,0.0
E1,eligibility,1,B,careful,0.0
E1,eligibility,1,B,distorter,0.8888888888888888
E1,eligibility,1,B,shortcut,0.0
E1,eligibility,1,C,careful,0.0
E1,eligibility,1,C,distorter,0.8888888888888888
E1,eligibility,1,C,shortcut,0.0
E1,eligibility,2,A,careful,0.0
E1,eligibility,2,A,distorter,0.8888888888888888
E1,eligibility,2,A,shortcut,0.0
E1,eligibility,2,B,careful,0.0
E1,eligibility,2,B,distorter,0.8888888888888888
E1,eligibility,2,B,shortcut,0.0
E1,eligibility,2,C,careful,0.0
E1,eligibility,2,C,distorter,0.8888888888888888
E1,eligibility,2,C,shortcut,0.0
E10,eligibility,0,A,careful,0.0
E10,eligibility,0,A,distorter,0.8888888888888888
E10,eligibility,0,A,shortcut,0.0
E10,eligibility,0,B,careful,0.0
E10,eligibility,0,B,distorter,0.8888888888888888
E10,eligibility,0,B,shortcut,0.0
E10,eligibility,0,C,careful,0.0
E10,eligibility,0,C,distorter,0.8888888888888888
E10,eligibility,0,C,shortcut,0.0
E10,eligibility,1,A,careful,0.0
E10,eligibility,1,A,distorter,0.8888888888888888
E10,eligibility,1,A,shortcut,0.0
E10,eligibility,1,B,careful,0.0
E10,eligibility,1,B,distorter,0.8888888888888888
E10,eligibility,1,B,shortcut,0.0
E10,eligibility,1,C,careful,0.0
E10,eligibility,1,C,distorter,0.7777777777777778
E10,eligibility,1,C,shortcut,0.0
E10,eligibility,2,A,careful,0.0
E10,eligibility,2,A,distorter,0.8888888888888888
E10,eligibility,2,A,shortcut,0.0
E10,eligibility,2,B,careful,0.0
E10,eligibility,2,B,distorter,0.8888888888888888
E10,eligibility,2,B,shortcut,0.0
E10,eligibility,2,C,careful,0.0
E10,eligibility,2,C,distorter,0.7777777777777778
E10,eligibility,2,C,shortcut,0.0
E2,eligibility,0,A,careful,0.0
E2,eligibility,0,A,distorter,0.4444444444444444
E2,eligibility,0,A,shortcut,0.0
E2,eligibility,0,B,careful,0.0
E2,eligibility,0,B,distorter,0.5555555555555556
E2,eligibility,0,B,shortcut,0.0
E2,eligibility,0,C,careful,0.0
E2,eligibility,0,C,distorter,0.6666666666666667
E2,eligibility,0,C,shortcut,0.0
E2,eligibility,1,A,careful,0.0
E2,eligibility,1,A,distorter,0.4444444444444444
E2,eligibility,1,A,shortcut,0.0
E2,eligibility,1,B,careful,0.0
E2,eligibility,1,B,distorter,0.4444444444444444
E2,eligibility,1,B,shortcut,0.0
E2,eligibility,1,C,careful,0.0
E2,eligibility,1,C,distorter,0.5555555555555556
E2,eligibility,1,C,shortcut,0.0
E2,eligibility,2,A,careful,0.0
E2,eligibility,2,A,distorter,0.5555555555555556
E2,eligibility,2,A,shortcut,0.0
E2,eligibility,2,B,careful,0.0
E2,eligibility,2,B,distorter,0.5555555555555556
E2,eligibility,2,B,shortcut,0.0
E2,eligibility,2,C,careful,0.0
E2,eligibility,2,C,distorter,0.4444444444444444
E2,eligibility,2,C,shortcut,0.0
E3,eligibility,0,A,careful,0.0
E3,eligibility,0,A,distorter,0.4444444444444444
E3,eligibility,0,A,shortcut,0.2222222222222222
E3,eligibility,0,B,careful,0.0
E3,eligibility,0,B,distorter,0.5555555555555556
E3,eligibility,0,B,shortcut,0.0
E3,eligibility,0,C,careful,0.0
E3,eligibility,0,C,distorter,0.6666666666666667
E3,eligibility,0,C,shortcut,0.0
E3,eligibility,1,A,careful,0.0
E3,eligibility,1,A,distorter,0.5555555555555556
E3,eligibility,1,A,shortcut,0.0
E3,eligibility,1,B,careful,0.0
E3,eligibility,1,B,distorter,0.5555555555555556
E3,eligibility,1,B,shortcut,0.2222222222222222
E3,eligibility,1,C,careful,0.0
E3,eligibility,1,C,distorter,0.6666666666666667
E3,eligibility,1,C,shortcut,0.0
E3,eligibility,2,A,careful,0.0
E3,eligibility,2,A,distorter,0.4444444444444444
E3,eligibility,2,A,shortcut,0.0
E3,eligibility,2,B,careful,0.0
E3,eligibility,2,B,distorter,0.5555555555555556
E3,eligibility,2,B,shortcut,0.2222222222222222
E3,eligibility,2,C,careful,0.0
E3,eligibility,2,C,distorter,0.6666666666666667
E3,eligibility,2,C,shortcut,0.0
E4,eligibility,0,A,careful,0.0
E4,eligibility,0,A,distorter,0.6666666666666667
E4,eligibility,0,A,shortcut,0.0
E4,eligibility,0,B,careful,0.0
E4,eligibility,0,B,distorter,0.6666666666666667
E4,eligibility,0,B,shortcut,0.0
E4,eligibility,0,C,careful,0.0
E4,eligibility,0,C,distorter,0.8888888888888888
E4,eligibility,0,C,shortcut,0.0
E4,eligibility,1,A,careful,0.0
E4,eligibility,1,A,distorter,0.7777777777777778
E4,eligibility,1,A,shortcut,0.0
E4,eligibility,1,B,careful,0.0
E4,eligibility,1,B,distorter,0.5555555555555556
E4,eligibility,1,B,shortcut,0.0
E4,eligibility,1,C,careful,0.0
E4,eligibility,1,C,distorter,0.7777777777777778
E4,eligibility,1,C,shortcut,0.0
E4,eligibility,2,A,careful,0.0
E4,eligibility,2,A,distorter,0.6666666666666667
E4,eligibility,2,A,shortcut,0.0
E4,eligibility,2,B,careful,0.0
E4,eligibility,2,B,distorter,0.5555555555555556
E4,eligibility,2,B,shortcut,0.0
E4,eligibility,2,C,careful,0.0
E4,eligibility,2,C,distorter,0.7777777777777778
E4,eligibility,2,C,shortcut,0.0
E5,eligibility,0,A,careful,0.0
E5,eligibility,0,A,distorter,0.8888888888888888
E5,eligibility,0,A,shortcut,0.0
E5,eligibility,0,B,careful,0.0
E5,eligibility,0,B,distorter,0.8888888888888888
E5,eligibility,0,B,shortcut,0.0
E5,eligibility,0,C,careful,0.0
E5,eligibility,0,C,distorter,0.8888888888888888
E5,eligibility,0,C,shortcut,0.0
E5,eligibility,1,A,careful,0.0
E5,eligibility,1,A,distorter,0.8888888888888888
E5,eligibility,1,A,shortcut,0.0
E5,eligibility,1,B,careful,0.0
E5,eligibility,1,B,distorter,0.8888888888888888
E5,eligibility,1,B,shortcut,0.0
E5,eligibility,1,C,careful,0.0
E5,eligibility,1,C,distorter,0.8888888888888888
E5,eligibility,1,C,shortcut,0.0
E5,eligibility,2,A,careful,0.0
E5,eligibility,2,A,distorter,0.8888888888888888
E5,eligibility,2,A,shortcut,0.0
E5,eligibility,2,B,careful,0.0
E5,eligibility,2,B,distorter,0.8888888888888888
E5,eligibility,2,B,shortcut,0.0
E5,eligibility,2,C,careful,0.0
E5,eligibility,2,C,distorter,0.8888888888888888
E5,eligibility,2,C,shortcut,0.0
E6,eligibility,0,A,careful,0.0
E6,eligibility,0,A,distorter,0.5555555555555556
E6,eligibility,0,A,shortcut,0.0
E6,eligibility,0,B,careful,0.0
E6,eligibility,0,B,distorter,0.5555555555555556
E6,eligibility,0,B,shortcut,0.0
E6,eligibility,0,C,careful,0.0
E6,eligibility,0,C,distorter,0.7777777777777778
E6,eligibility,0,C,shortcut,0.0
E6,eligibility,1,A,careful,0.0
E6,eligibility,1,A,distorter,0.7777777777777778
E6,eligibility,1,A,shortcut,0.0
E6,eligibility,1,B,careful,0.0
E6,eligibility,1,B,distorter,0.6666666666666667
E6,eligibility,1,B,shortcut,0.0
E6,eligibility,1,C,careful,0.0
E6,eligibility,1,C,distorter,0.6666666666666667
E6,eligibility,1,C,shortcut,0.0
E6,eligibility,2,A,careful,0.0
E6,eligibility,2,A,distorter,0.7777777777777778
E6,eligibility,2,A,shortcut,0.0
E6,eligibility,2,B,careful,0.0
E6,eligibility,2,B,distorter,0.5555555555555556
E6,eligibility,2,B,shortcut,0.0
E6,eligibility,2,C,careful,0.0
E6,eligibility,2,C,distorter,0.7777777777777778
E6,eligibility,2,C,shortcut,0.0
E7,eligibility,0,A,careful,0.0
E7,eligibility,0,A,distorter,0.7777777777777778
E7,eligibility,0,A,shortcut,0.11111111111111116
E7,eligibility,0,B,careful,0.0
E7,eligibility,0,B,distorter,0.7777777777777778
E7,eligibility,0,B,shortcut,0.0
E7,eligibility,0,C,careful,0.0
E7,eligibility,0,C,distorter,0.7777777777777778
E7,eligibility,0,C,shortcut,0.0
E7,eligibility,1,A,careful,0.0
E7,eligibility,1,A,distorter,0.7777777777777778
E7,eligibility,1,A,shortcut,0.11111111111111116
E7,eligibility,1,B,careful,0.0
E7,eligibility,1,B,distorter,0.7777777777777778
E7,eligibility,1,B,shortcut,0.0
E7,eligibility,1,C,careful,0.0
E7,eligibility,1,C,distorter,0.7777777777777778
E7,eligibility,1,C,shortcut,0.0
E7,eligibility,2,A,careful,0.0
E7,eligibility,2,A,distorter,0.7777777777777778
E7,eligibility,2,A,shortcut,0.11111111111111116
E7,eligibility,2,B,careful,0.0
E7,eligibility,2,B,distorter,0.7777777777777778
E7,eligibility,2,B,shortcut,0.0
E7,eligibility,2,C,careful,0.0
E7,eligibility,2,C,distorter,0.7777777777777778
E7,eligibility,2,C,shortcut,0.0
E8,eligibility,0,A,careful,0.0
E8,eligibility,0,A,distorter,0.33333333333333337
E8,eligibility,0,A,shortcut,0.0
E8,eligibility,0,B,careful,0.0
E8,eligibility,0,B,distorter,0.4444444444444444
E8,eligibility,0,B,shortcut,0.0
E8,eligibility,0,C,careful,0.0
E8,eligibility,0,C,distorter,0.6666666666666667
E8,eligibility,0,C,shortcut,0.0
E8,eligibility,1,A,careful,0.0
E8,eligibility,1,A,distorter,0.4444444444444444
E8,eligibility,1,A,shortcut,0.0
E8,eligibility,1,B,careful,0.0
E8,eligibility,1,B,distorter,0.4444444444444444
E8,eligibility,1,B,shortcut,0.0
E8,eligibility,1,C,careful,0.0
E8,eligibility,1,C,distorter,0.6666666666666667
E8,eligibility,1,C,shortcut,0.0
E8,eligibility,2,A,careful,0.0
E8,eligibility,2,A,distorter,0.2222222222222222
E8,eligibility,2,A,shortcut,0.0
E8,eligibility,2,B,careful,0.0
E8,eligibility,2,B,distorter,0.4444444444444444
E8,eligibility,2,B,shortcut,0.0
E8,eligibility,2,C,careful,0.0
E8,eligibility,2,C,distorter,0.6666666666666667
E8,eligibility,2,C,shortcut,0.0
E9,eligibility,0,A,careful,0.0
E9,eligibility,0,A,distorter,1.0
E9,eligibility,0,A,shortcut,0.0
E9,eligibility,0,B,careful,0.0
E9,eligibility,0,B,distorter,1.0
E9,eligibility,0,B,shortcut,0.0
E9,eligibility,0,C,careful,0.0
E9,eligibility,0,C,distorter,1.0
E9,eligibility,0,C,shortcut,0.0
E9,eligibility,1,A,careful,0.0
E9,eligibility,1,A,distorter,1.0
E9,eligibility,1,A,shortcut,0.11111111111111116
E9,eligibility,1,B,careful,0.0
E9,eligibility,1,B,distorter,1.0
E9,eligibility,1,B,shortcut,0.0
E9,eligibility,1,C,careful,0.0
E9,eligibility,1,C,distorter,1.0
E9,eligibility,1,C,shortcut,0.0
E9,eligibility,2,A,careful,0.0
E9,eligibility,2,A,distorter,1.0
E9,eligibility,2,A,shortcut,0.0
E9,eligibility,2,B,careful,0.0
E9,eligibility,2,B,distorter,1.0
E9,eligibility,2,B,shortcut,0.0
E9,eligibility,2,C,careful,0.0
E9,eligibility,2,C,distorter,1.0
E9,eligibility,2,C,shortcut,0.0
L1,logistics,0,A,careful,0.2222222222222222
L1,logistics,0,A,distorter,0.8888888888888888
L1,logistics,0,A,shortcut,0.2222222222222222
L1,logistics,0,B,careful,0.2222222222222222
L1,logistics,0,B,distorter,0.8888888888888888
L1,logistics,0,B,shortcut,0.2222222222222222
L1,logistics,0,C,careful,0.2222222222222222
L1,logistics,0,C,distorter,1.0
L1,logistics,0,C,shortcut,0.2222222222222222
L1,logistics,1,A,careful,0.2222222222222222
L1,logistics,1,A,distorter,1.0
L1,logistics,1,A,shortcut,0.2222222222222222
L1,logistics,1,B,careful,0.2222222222222222
L1,logistics,1,B,distorter,1.0
L1,logistics,1,B,shortcut,0.2222222222222222
L1,logistics,1,C,careful,0.2222222222222222
L1,logistics,1,C,distorter,1.0
L1,logistics,1,C,shortcut,0.2222222222222222
L1,logistics,2,A,careful,0.2222222222222222
L1,logistics,2,A,distorter,1.0
L1,logistics,2,A,shortcut,0.2222222222222222
L1,logistics,2,B,careful,0.2222222222222222
L1,logistics,2,B,distorter,0.8888888888888888
L1,logistics,2,B,shortcut,0.2222222222222222
L1,logistics,2,C,careful,0.2222222222222222
L1,logistics,2,C,distorter,0.8888888888888888
L1,logistics,2,C,shortcut,0.2222222222222222
L10,logistics,0,A,careful,0.4444444444444444
L10,logistics,0,A,distorter,0.8888888888888888
L10,logistics,0,A,shortcut,0.2222222222222222
L10,logistics,0,B,careful,0.4444444444444444
L10,logistics,0,B,distorter,0.8888888888888888
L10,logistics,0,B,shortcut,0.33333333333333337
L10,logistics,0,C,careful,0.4444444444444444
L10,logistics,0,C,distorter,0.6666666666666667
L10,logistics,0,C,shortcut,0.4444444444444444
L10,logistics,1,A,careful,0.4444444444444444
L10,logistics,1,A,distorter,0.8888888888888888
L10,logistics,1,A,shortcut,0.2222222222222222
L10,logistics,1,B,careful,0.4444444444444444
L10,logistics,1,B,distorter,0.5555555555555556
L10,logistics,1,B,shortcut,0.33333333333333337
L10,logistics,1,C,careful,0.4444444444444444
L10,logistics,1,C,distorter,0.6666666666666667
L10,logistics,1,C,shortcut,0.33333333333333337
L10,logistics,2,A,careful,0.4444444444444444
L10,logistics,2,A,distorter,0.8888888888888888
L10,logistics,2,A,shortcut,0.4444444444444444
L10,logistics,2,B,careful,0.4444444444444444
L10,logistics,2,B,distorter,1.0
L10,logistics,2,B,shortcut,0.33333333333333337
L10,logistics,2,C,careful,0.4444444444444444
L10,logistics,2,C,distorter,0.6666666666666667
L10,logistics,2,C,shortcut,0.4444444444444444
L2,logistics,0,A,careful,0.4444444444444444
L2,logistics,0,A,distorter,0.7777777777777778
L2,logistics,0,A,shortcut,0.4444444444444444
L2,logistics,0,B,careful,0.4444444444444444
L2,logistics,0,B,distorter,0.7777777777777778
L2,logistics,0,B,shortcut,0.4444444444444444
L2,logistics,0,C,careful,0.4444444444444444
L2,logistics,0,C,distorter,0.6666666666666667
L2,logistics,0,C,shortcut,0.4444444444444444
L2,logistics,1,A,careful,0.4444444444444444
L2,logistics,1,A,distorter,0.6666666666666667
L2,logistics,1,A,shortcut,0.4444444444444444
L2,logistics,1,B,careful,0.4444444444444444
L2,logistics,1,B,distorter,0.7777777777777778
L2,logistics,1,B,shortcut,0.4444444444444444
L2,logistics,1,C,careful,0.4444444444444444
L2,logistics,1,C,distorter,0.6666666666666667
L2,logistics,1,C,shortcut,0.4444444444444444
L2,logistics,2,A,careful,0.4444444444444444
L2,logistics,2,A,distorter,0.6666666666666667
L2,logistics,2,A,shortcut,0.4444444444444444
L2,logistics,2,B,careful,0.4444444444444444
L2,logistics,2,B,distorter,0.7777777777777778
L2,logistics,2,B,shortcut,0.4444444444444444
L2,logistics,2,C,careful,0.4444444444444444
L2,logistics,2,C,distorter,0.6666666666666667
L2,logistics,2,C,shortcut,0.4444444444444444
L3,logistics,0,A,careful,0.0
L3,logistics,0,A,distorter,0.8888888888888888
L3,logistics,0,A,shortcut,0.5555555555555556
L3,logistics,0,B,careful,0.11111111111111116
L3,logistics,0,B,distorter,0.7777777777777778
L3,logistics,0,B,shortcut,0.2222222222222222
L3,logistics,0,C,careful,0.0
L3,logistics,0,C,distorter,0.8888888888888888
L3,logistics,0,C,shortcut,0.5555555555555556
L3,logistics,1,A,careful,0.0
L3,logistics,1,A,distorter,0.8888888888888888
L3,logistics,1,A,shortcut,0.5555555555555556
L3,logistics,1,B,careful,0.11111111111111116
L3,logistics,1,B,distorter,0.6666666666666667
L3,logistics,1,B,shortcut,0.2222222222222222
L3,logistics,1,C,careful,0.0
L3,logistics,1,C,distorter,0.7777777777777778
L3,logistics,1,C,shortcut,0.5555555555555556
L3,logistics,2,A,careful,0.0
L3,logistics,2,A,distorter,0.8888888888888888
L3,logistics,2,A,shortcut,0.5555555555555556
L3,logistics,2,B,careful,0.11111111111111116
L3,logistics,2,B,distorter,0.6666666666666667
L3,logistics,2,B,shortcut,0.2222222222222222
L3,logistics,2,C,careful,0.0
L3,logistics,2,C,distorter,0.8888888888888888
L3,logistics,2,C,shortcut,0.5555555555555556
L4,logistics,0,A,careful,0.0
L4,logistics,0,A,distorter,1.0
L4,logistics,0,A,shortcut,0.2222222222222222
L4,logistics,0,B,careful,0.0
L4,logistics,0,B,distorter,0.7777777777777778
L4,logistics,0,B,shortcut,0.2222222222222222
L4,logistics,0,C,careful,0.0
L4,logistics,0,C,distorter,0.7777777777777778
L4,logistics,0,C,shortcut,0.2222222222222222
L4,logistics,1,A,careful,0.0
L4,logistics,1,A,distorter,0.7777777777777778
L4,logistics,1,A,shortcut,0.2222222222222222
L4,logistics,1,B,careful,0.0
L4,logistics,1,B,distorter,0.7777777777777778
L4,logistics,1,B,shortcut,0.2222222222222222
L4,logistics,1,C,careful,0.0
L4,logistics,1,C,distorter,0.8888888888888888
L4,logistics,1,C,shortcut,0.2222222222222222
L4,logistics,2,A,careful,0.0
L4,logistics,2,A,distorter,0.8888888888888888
L4,logistics,2,A,shortcut,0.2222222222222222
L4,logistics,2,B,careful,0.0
L4,logistics,2,B,distorter,0.7777777777777778
L4,logistics,2,B,shortcut,0.2222222222222222
L4,logistics,2,C,careful,0.0
L4,logistics,2,C,distorter,1.0
L4,logistics,2,C,shortcut,0.2222222222222222
L5,logistics,0,A,careful,0.0
L5,logistics,0,A,distorter,0.8888888888888888
L5,logistics,0,A,shortcut,0.2222222222222222
L5,logistics,0,B,careful,0.0
L5,logistics,0,B,distorter,0.8888888888888888
L5,logistics,0,B,shortcut,0.0
L5,logistics,0,C,careful,0.2222222222222222
L5,logistics,0,C,distorter,0.8888888888888888
L5,logistics,0,C,shortcut,0.2222222222222222
L5,logistics,1,A,careful,0.0
L5,logistics,1,A,distorter,0.8888888888888888
L5,logistics,1,A,shortcut,0.2222222222222222
L5,logistics,1,B,careful,0.0
L5,logistics,1,B,distorter,0.8888888888888888
L5,logistics,1,B,shortcut,0.0
L5,logistics,1,C,careful,0.0
L5,logistics,1,C,distorter,0.8888888888888888
L5,logistics,1,C,shortcut,0.2222222222222222
L5,logistics,2,A,careful,0.0
L5,logistics,2,A,distorter,0.8888888888888888
L5,logistics,2,A,shortcut,0.2222222222222222
L5,logistics,2,B,careful,0.0
L5,logistics,2,B,distorter,0.8888888888888888
L5,logistics,2,B,shortcut,0.2222222222222222
L5,logistics,2,C,careful,0.0
L5,logistics,2,C,distorter,0.8888888888888888
L5,logistics,2,C,shortcut,0.2222222222222222
L6,logistics,0,A,careful,0.0
L6,logistics,0,A,distorter,0.5555555555555556
L6,logistics,0,A,shortcut,0.4444444444444444
L6,logistics,0,B,careful,0.2222222222222222
L6,logistics,0,B,distorter,0.6666666666666667
L6,logistics,0,B,shortcut,0.33333333333333337
L6,logistics,0,C,careful,0.0
L6,logistics,0,C,distorter,0.7777777777777778
L6,logistics,0,C,shortcut,0.2222222222222222
L6,logistics,1,A,careful,0.0
L6,logistics,1,A,distorter,0.6666666666666667
L6,logistics,1,A,shortcut,0.4444444444444444
L6,logistics,1,B,careful,0.2222222222222222
L6,logistics,1,B,distorter,0.5555555555555556
L6,logistics,1,B,shortcut,0.0
L6,logistics,1,C,careful,0.0
L6,logistics,1,C,distorter,0.8888888888888888
L6,logistics,1,C,shortcut,0.2222222222222222
L6,logistics,2,A,careful,0.0
L6,logistics,2,A,distorter,0.5555555555555556
L6,logistics,2,A,shortcut,0.4444444444444444
L6,logistics,2,B,careful,0.2222222222222222
L6,logistics,2,B,distorter,0.6666666666666667
L6,logistics,2,B,shortcut,0.0
L6,logistics,2,C,careful,0.0
L6,logistics,2,C,distorter,0.7777777777777778
L6,logistics,2,C,shortcut,0.2222222222222222
L7,logistics,0,A,careful,0.4444444444444444
L7,logistics,0,A,distorter,0.8888888888888888
L7,logistics,0,A,shortcut,0.11111111111111116
L7,logistics,0,B,careful,0.4444444444444444
L7,logistics,0,B,distorter,0.8888888888888888
L7,logistics,0,B,shortcut,0.4444444444444444
L7,logistics,0,C,careful,0.4444444444444444
L7,logistics,0,C,distorter,0.8888888888888888
L7,logistics,0,C,shortcut,0.4444444444444444
L7,logistics,1,A,careful,0.4444444444444444
L7,logistics,1,A,distorter,0.8888888888888888
L7,logistics,1,A,shortcut,0.2222222222222222
L7,logistics,1,B,careful,0.11111111111111116
L7,logistics,1,B,distorter,0.8888888888888888
L7,logistics,1,B,shortcut,0.2222222222222222
L7,logistics,1,C,careful,0.4444444444444444
L7,logistics,1,C,distorter,0.7777777777777778
L7,logistics,1,C,shortcut,0.2222222222222222
L7,logistics,2,A,careful,0.4444444444444444
L7,logistics,2,A,distorter,0.8888888888888888
L7,logistics,2,A,shortcut,0.0
L7,logistics,2,B,careful,0.4444444444444444
L7,logistics,2,B,distorter,0.7777777777777778
L7,logistics,2,B,shortcut,0.4444444444444444
L7,logistics,2,C,careful,0.4444444444444444
L7,logistics,2,C,distorter,0.8888888888888888
L7,logistics,2,C,shortcut,0.2222222222222222
L8,logistics,0,A,careful,0.4444444444444444
L8,logistics,0,A,distorter,0.8888888888888888
L8,logistics,0,A,shortcut,0.2222222222222222
L8,logistics,0,B,careful,0.0
L8,logistics,0,B,distorter,0.6666666666666667
L8,logistics,0,B,shortcut,0.4444444444444444
L8,logistics,0,C,careful,0.0
L8,logistics,0,C,distorter,0.6666666666666667
L8,logistics,0,C,shortcut,0.11111111111111116
L8,logistics,1,A,careful,0.4444444444444444
L8,logistics,1,A,distorter,0.8888888888888888
L8,logistics,1,A,shortcut,0.2222222222222222
L8,logistics,1,B,careful,0.0
L8,logistics,1,B,distorter,0.8888888888888888
L8,logistics,1,B,shortcut,0.2222222222222222
L8,logistics,1,C,careful,0.0
L8,logistics,1,C,distorter,0.7777777777777778
L8,logistics,1,C,shortcut,0.11111111111111116
L8,logistics,2,A,careful,0.4444444444444444
L8,logistics,2,A,distorter,0.6666666666666667
L8,logistics,2,A,shortcut,0.2222222222222222
L8,logistics,2,B,careful,0.0
L8,logistics,2,B,distorter,0.6666666666666667
L8,logistics,2,B,shortcut,0.4444444444444444
L8,logistics,2,C,careful,0.0
L8,logistics,2,C,distorter,0.6666666666666667
L8,logistics,2,C,shortcut,0.2222222222222222
L9,logistics,0,A,careful,0.0
L9,logistics,0,A,distorter,0.8888888888888888
L9,logistics,0,A,shortcut,0.5555555555555556
L9,logistics,0,B,careful,0.0
L9,logistics,0,B,distorter,1.0
L9,logistics,0,B,shortcut,0.5555555555555556
L9,logistics,0,C,careful,0.0
L9,logistics,0,C,distorter,1.0
L9,logistics,0,C,shortcut,0.5555555555555556
L9,logistics,1,A,careful,0.4444444444444444
L9,logistics,1,A,distorter,1.0
L9,logistics,1,A,shortcut,0.5555555555555556
L9,logistics,1,B,careful,0.0
L9,logistics,1,B,distorter,1.0
L9,logistics,1,B,shortcut,0.4444444444444444
L9,logistics,1,C,careful,0.0
L9,logistics,1,C,distorter,0.8888888888888888
L9,logistics,1,C,shortcut,0.5555555555555556
L9,logistics,2,A,careful,0.4444444444444444
L9,logistics,2,A,distorter,0.7777777777777778
L9,logistics,2,A,shortcut,0.2222222222222222
L9,logistics,2,B,careful,0.0
L9,logistics,2,B,distorter,0.8888888888888888
L9,logistics,2,B,shortcut,0.4444444444444444
L9,logistics,2,C,careful,0.0
L9,logistics,2,C,distorter,1.0
L9,logistics,2,C,shortcut,0.5555555555555556
P1,procurement,0,A,careful,0.11111111111111116
P1,procurement,0,A,distorter,0.7777777777777778
P1,procurement,0,A,shortcut,0.33333333333333337
P1,procurement,0,B,careful,0.2222222222222222
P1,procurement,0,B,distorter,0.8888888888888888
P1,procurement,0,B,shortcut,0.4444444444444444
P1,procurement,0,C,careful,0.0
P1,procurement,0,C,distorter,1.0
P1,procurement,0,C,shortcut,0.4444444444444444
P1,procurement,1,A,careful,0.11111111111111116
P1,procurement,1,A,distorter,0.8888888888888888
P1,procurement,1,A,shortcut,0.4444444444444444
P1,procurement,1,B,careful,0.0
P1,procurement,1,B,distorter,0.7777777777777778
P1,procurement,1,B,shortcut,0.33333333333333337
P1,procurement,1,C,careful,0.0
P1,procurement,1,C,distorter,0.8888888888888888
P1,procurement,1,C,shortcut,0.33333333333333337
P1,procurement,2,A,careful,0.11111111111111116
P1,procurement,2,A,distorter,0.8888888888888888
P1,procurement,2,A,shortcut,0.4444444444444444
P1,procurement,2,B,careful,0.2222222222222222
P1,procurement,2,B,distorter,0.7777777777777778
P1,procurement,2,B,shortcut,0.33333333333333337
P1,procurement,2,C,careful,0.0
P1,procurement,2,C,distorter,0.8888888888888888
P1,procurement,2,C,shortcut,0.33333333333333337
P10,procurement,0,A,careful,0.0
P10,procurement,0,A,distorter,0.7777777777777778
P10,procurement,0,A,shortcut,0.2222222222222222
P10,procurement,0,B,careful,0.0
P10,procurement,0,B,distorter,0.8888888888888888
P10,procurement,0,B,shortcut,1.0
P10,procurement,0,C,careful,0.0
P10,procurement,0,C,distorter,0.7777777777777778
P10,procurement,0,C,shortcut,0.2222222222222222
P10,procurement,1,A,careful,0.0
P10,procurement,1,A,distorter,0.7777777777777778
P10,procurement,1,A,shortcut,0.2222222222222222
P10,procurement,1,B,careful,0.0
P10,procurement,1,B,distorter,0.7777777777777778
P10,procurement,1,B,shortcut,1.0
P10,procurement,1,C,careful,0.0
P10,procurement,1,C,distorter,0.7777777777777778
P10,procurement,1,C,shortcut,1.0
P10,procurement,2,A,careful,0.0
P10,procurement,2,A,distorter,0.7777777777777778
P10,procurement,2,A,shortcut,0.2222222222222222
P10,procurement,2,B,careful,0.0
P10,procurement,2,B,distorter,0.7777777777777778
P10,procurement,2,B,shortcut,1.0
P10,procurement,2,C,careful,0.0
P10,procurement,2,C,distorter,0.8888888888888888
P10,procurement,2,C,shortcut,0.2222222222222222
P2,procurement,0,A,careful,0.11111111111111116
P2,procurement,0,A,distorter,0.8888888888888888
P2,procurement,0,A,shortcut,0.33333333333333337
P2,procurement,0,B,careful,0.33333333333333337
P2,procurement,0,B,distorter,0.8888888888888888
P2,procurement,0,B,shortcut,0.33333333333333337
P2,procurement,0,C,careful,0.33333333333333337
P2,procurement,0,C,distorter,0.8888888888888888
P2,procurement,0,C,shortcut,1.0
P2,procurement,1,A,careful,0.11111111111111116
P2,procurement,1,A,distorter,0.8888888888888888
P2,procurement,1,A,shortcut,0.33333333333333337
P2,procurement,1,B,careful,0.33333333333333337
P2,procurement,1,B,distorter,0.5555555555555556
P2,procurement,1,B,shortcut,0.33333333333333337
P2,procurement,1,C,careful,0.33333333333333337
P2,procurement,1,C,distorter,0.8888888888888888
P2,procurement,1,C,shortcut,1.0
P2,procurement,2,A,careful,0.11111111111111116
P2,procurement,2,A,distorter,1.0
P2,procurement,2,A,shortcut,1.0
P2,procurement,2,B,careful,0.33333333333333337
P2,procurement,2,B,distorter,0.5555555555555556
P2,procurement,2,B,shortcut,1.0
P2,procurement,2,C,careful,0.33333333333333337
P2,procurement,2,C,distorter,0.8888888888888888
P2,procurement,2,C,shortcut,1.0
P3,procurement,0,A,careful,0.11111111111111116
P3,procurement,0,A,distorter,0.7777777777777778
P3,procurement,0,A,shortcut,0.11111111111111116
P3,procurement,0,B,careful,0.11111111111111116
P3,procurement,0,B,distorter,0.7777777777777778
P3,procurement,0,B,shortcut,0.33333333333333337
P3,procurement,0,C,careful,0.2222222222222222
P3,procurement,0,C,distorter,0.6666666666666667
P3,procurement,0,C,shortcut,0.11111111111111116
P3,procurement,1,A,careful,0.0
P3,procurement,1,A,distorter,0.7777777777777778
P3,procurement,1,A,shortcut,0.33333333333333337
P3,procurement,1,B,careful,0.11111111111111116
P3,procurement,1,B,distorter,0.6666666666666667
P3,procurement,1,B,shortcut,0.11111111111111116
P3,procurement,1,C,careful,0.2222222222222222
P3,procurement,1,C,distorter,0.7777777777777778
P3,procurement,1,C,shortcut,1.0
P3,procurement,2,A,careful,0.0
P3,procurement,2,A,distorter,0.7777777777777778
P3,procurement,2,A,shortcut,0.33333333333333337
P3,procurement,2,B,careful,0.11111111111111116
P3,procurement,2,B,distorter,0.6666666666666667
P3,procurement,2,B,shortcut,0.33333333333333337
P3,procurement,2,C,careful,0.2222222222222222
P3,procurement,2,C,distorter,0.7777777777777778
P3,procurement,2,C,shortcut,1.0
P4,procurement,0,A,careful,0.0
P4,procurement,0,A,distorter,0.7777777777777778
P4,procurement,0,A,shortcut,0.2222222222222222
P4,procurement,0,B,careful,0.2222222222222222
P4,procurement,0,B,distorter,0.7777777777777778
P4,procurement,0,B,shortcut,0.33333333333333337
P4,procurement,0,C,careful,0.2222222222222222
P4,procurement,0,C,distorter,0.7777777777777778
P4,procurement,0,C,shortcut,1.0
P4,procurement,1,A,careful,0.2222222222222222
P4,procurement,1,A,distorter,0.7777777777777778
P4,procurement,1,A,shortcut,0.2222222222222222
P4,procurement,1,B,careful,0.2222222222222222
P4,procurement,1,B,distorter,0.6666666666666667
P4,procurement,1,B,shortcut,0.2222222222222222
P4,procurement,1,C,careful,0.2222222222222222
P4,procurement,1,C,distorter,0.7777777777777778
P4,procurement,1,C,shortcut,1.0
P4,procurement,2,A,careful,0.2222222222222222
P4,procurement,2,A,distorter,0.7777777777777778
P4,procurement,2,A,shortcut,0.2222222222222222
P4,procurement,2,B,careful,0.2222222222222222
P4,procurement,2,B,distorter,0.7777777777777778
P4,procurement,2,B,shortcut,0.33333333333333337
P4,procurement,2,C,careful,0.2222222222222222
P4,procurement,2,C,distorter,0.8888888888888888
P4,procurement,2,C,shortcut,0.2222222222222222
P5,procurement,0,A,careful,0.0
P5,procurement,0,A,distorter,1.0
P5,procurement,0,A,shortcut,0.2222222222222222
P5,procurement,0,B,careful,0.2222222222222222
P5,procurement,0,B,distorter,1.0
P5,procurement,0,B,shortcut,0.33333333333333337
P5,procurement,0,C,careful,0.2222222222222222
P5,procurement,0,C,distorter,0.7777777777777778
P5,procurement,0,C,shortcut,1.0
P5,procurement,1,A,careful,0.11111111111111116
P5,procurement,1,A,distorter,1.0
P5,procurement,1,A,shortcut,0.2222222222222222
P5,procurement,1,B,careful,0.33333333333333337
P5,procurement,1,B,distorter,1.0
P5,procurement,1,B,shortcut,0.33333333333333337
P5,procurement,1,C,careful,0.11111111111111116
P5,procurement,1,C,distorter,0.8888888888888888
P5,procurement,1,C,shortcut,1.0
P5,procurement,2,A,careful,0.0
P5,procurement,2,A,distorter,1.0
P5,procurement,2,A,shortcut,0.33333333333333337
P5,procurement,2,B,careful,0.33333333333333337
P5,procurement,2,B,distorter,1.0
P5,procurement,2,B,shortcut,1.0
P5,procurement,2,C,careful,0.11111111111111116
P5,procurement,2,C,distorter,1.0
P5,procurement,2,C,shortcut,0.33333333333333337
P6,procurement,0,A,careful,0.0
P6,procurement,0,A,distorter,0.7777777777777778
P6,procurement,0,A,shortcut,0.33333333333333337
P6,procurement,0,B,careful,0.0
P6,procurement,0,B,distorter,0.6666666666666667
P6,procurement,0,B,shortcut,0.33333333333333337
P6,procurement,0,C,careful,0.0
P6,procurement,0,C,distorter,0.7777777777777778
P6,procurement,0,C,shortcut,1.0
P6,procurement,1,A,careful,0.0
P6,procurement,1,A,distorter,0.7777777777777778
P6,procurement,1,A,shortcut,0.33333333333333337
P6,procurement,1,B,careful,0.0
P6,procurement,1,B,distorter,0.6666666666666667
P6,procurement,1,B,shortcut,0.33333333333333337
P6,procurement,1,C,careful,0.0
P6,procurement,1,C,distorter,0.7777777777777778
P6,procurement,1,C,shortcut,1.0
P6,procurement,2,A,careful,0.0
P6,procurement,2,A,distorter,0.6666666666666667
P6,procurement,2,A,shortcut,0.4444444444444444
P6,procurement,2,B,careful,0.0
P6,procurement,2,B,distorter,0.7777777777777778
P6,procurement,2,B,shortcut,0.33333333333333337
P6,procurement,2,C,careful,0.0
P6,procurement,2,C,distorter,0.7777777777777778
P6,procurement,2,C,shortcut,1.0
P7,procurement,0,A,careful,0.0
P7,procurement,0,A,distorter,0.8888888888888888
P7,procurement,0,A,shortcut,0.33333333333333337
P7,procurement,0,B,careful,0.11111111111111116
P7,procurement,0,B,distorter,0.5555555555555556
P7,procurement,0,B,shortcut,0.4444444444444444
P7,procurement,0,C,careful,0.11111111111111116
P7,procurement,0,C,distorter,0.8888888888888888
P7,procurement,0,C,shortcut,0.33333333333333337
P7,procurement,1,A,careful,0.11111111111111116
P7,procurement,1,A,distorter,0.8888888888888888
P7,procurement,1,A,shortcut,0.33333333333333337
P7,procurement,1,B,careful,0.0
P7,procurement,1,B,distorter,0.5555555555555556
P7,procurement,1,B,shortcut,0.4444444444444444
P7,procurement,1,C,careful,0.11111111111111116
P7,procurement,1,C,distorter,0.8888888888888888
P7,procurement,1,C,shortcut,1.0
P7,procurement,2,A,careful,0.0
P7,procurement,2,A,distorter,0.8888888888888888
P7,procurement,2,A,shortcut,0.33333333333333337
P7,procurement,2,B,careful,0.0
P7,procurement,2,B,distorter,0.8888888888888888
P7,procurement,2,B,shortcut,1.0
P7,procurement,2,C,careful,0.0
P7,procurement,2,C,distorter,0.8888888888888888
P7,procurement,2,C,shortcut,0.11111111111111116
P8,procurement,0,A,careful,0.11111111111111116
P8,procurement,0,A,distorter,0.8888888888888888
P8,procurement,0,A,shortcut,0.33333333333333337
P8,procurement,0,B,careful,0.33333333333333337
P8,procurement,0,B,distorter,0.7777777777777778
P8,procurement,0,B,shortcut,0.33333333333333337
P8,procurement,0,C,careful,0.33333333333333337
P8,procurement,0,C,distorter,0.7777777777777778
P8,procurement,0,C,shortcut,0.33333333333333337
P8,procurement,1,A,careful,0.33333333333333337
P8,procurement,1,A,distorter,0.8888888888888888
P8,procurement,1,A,shortcut,0.33333333333333337
P8,procurement,1,B,careful,0.33333333333333337
P8,procurement,1,B,distorter,0.8888888888888888
P8,procurement,1,B,shortcut,0.33333333333333337
P8,procurement,1,C,careful,0.11111111111111116
P8,procurement,1,C,distorter,0.8888888888888888
P8,procurement,1,C,shortcut,0.33333333333333337
P8,procurement,2,A,careful,0.33333333333333337
P8,procurement,2,A,distorter,0.6666666666666667
P8,procurement,2,A,shortcut,0.33333333333333337
P8,procurement,2,B,careful,0.33333333333333337
P8,procurement,2,B,distorter,0.8888888888888888
P8,procurement,2,B,shortcut,0.33333333333333337
P8,procurement,2,C,careful,0.2222222222222222
P8,procurement,2,C,distorter,0.8888888888888888
P8,procurement,2,C,shortcut,1.0
P9,procurement,0,A,careful,0.2222222222222222
P9,procurement,0,A,distorter,0.7777777777777778
P9,procurement,0,A,shortcut,0.33333333333333337
P9,procurement,0,B,careful,0.2222222222222222
P9,procurement,0,B,distorter,0.8888888888888888
P9,procurement,0,B,shortcut,0.33333333333333337
P9,procurement,0,C,careful,0.33333333333333337
P9,procurement,0,C,distorter,0.7777777777777778
P9,procurement,0,C,shortcut,0.33333333333333337
P9,procurement,1,A,careful,0.2222222222222222
P9,procurement,1,A,distorter,0.8888888888888888
P9,procurement,1,A,shortcut,0.5555555555555556
P9,procurement,1,B,careful,0.2222222222222222
P9,procurement,1,B,distorter,0.7777777777777778
P9,procurement,1,B,shortcut,0.33333333333333337
P9,procurement,1,C,careful,0.33333333333333337
P9,procurement,1,C,distorter,0.7777777777777778
P9,procurement,1,C,shortcut,1.0
P9,procurement,2,A,careful,0.2222222222222222
P9,procurement,2,A,distorter,0.7777777777777778
P9,procurement,2,A,shortcut,0.5555555555555556
P9,procurement,2,B,careful,0.2222222222222222
P9,procurement,2,B,distorter,0.7777777777777778
P9,procurement,2,B,shortcut,0.5555555555555556
P9,procurement,2,C,careful,0.33333333333333337
P9,procurement,2,C,distorter,0.6666666666666667
P9,procurement,2,C,shortcut,0.5555555555555556
