index,agent,mode,mean,std,count
0,A,careful,0.10864197530864199,0.16570909082490412,90
1,A,distorter,0.7975308641975308,0.1628380711605098,90
2,A,shortcut,0.22839506172839508,0.19592258649893607,90
3,B,careful,0.11604938271604938,0.15348281185906848,90
4,B,distorter,0.7666666666666667,0.1554038853956376,90
5,B,shortcut,0.2580246913580247,0.26379423509236216,90
6,C,careful,0.10617283950617283,0.15705635132757967,90
7,C,distorter,0.8135802469135803,0.1139801592537198,90
8,C,shortcut,0.3345679012345679,0.356262734794425,90
