environment,mode_A,mode_B,mode_C,full_loss,potential,psi_A,psi_B,psi_C
modular,careful,careful,careful,0.11728395061728394,0.9506172839506174,-0.32592592592592595,-0.2765432098765432,-0.28024691358024684
modular,careful,careful,shortcut,0.20123456790123456,1.0345679012345679,-0.32592592592592595,-0.2765432098765432,-0.19629629629629627
modular,careful,careful,distorter,0.32222222222222224,1.1555555555555554,-0.3259259259259259,-0.27654320987654313,-0.07530864197530869
modular,careful,shortcut,careful,0.18148148148148152,1.0148148148148148,-0.3259259259259259,-0.2123456790123457,-0.28024691358024684
modular,careful,shortcut,shortcut,0.2654320987654321,1.0987654320987654,-0.3259259259259259,-0.2123456790123457,-0.19629629629629627
modular,careful,shortcut,distorter,0.38641975308641974,1.219753086419753,-0.32592592592592584,-0.21234567901234566,-0.07530864197530869
modular,careful,distorter,careful,0.2876543209876543,1.1209876543209878,-0.3259259259259259,-0.10617283950617287,-0.2802469135802469
modular,careful,distorter,shortcut,0.3716049382716049,1.2049382716049384,-0.3259259259259259,-0.10617283950617287,-0.1962962962962963
modular,careful,distorter,distorter,0.49259259259259264,1.325925925925926,-0.32592592592592584,-0.1061728395061728,-0.07530864197530869
modular,shortcut,careful,careful,0.1197530864197531,0.9530864197530865,-0.3234567901234568,-0.2765432098765432,-0.28024691358024684
modular,shortcut,careful,shortcut,0.20370370370370372,1.0370370370370372,-0.3234567901234568,-0.27654320987654313,-0.19629629629629627
modular,shortcut,careful,distorter,0.32469135802469135,1.1580246913580248,-0.32345679012345674,-0.27654320987654313,-0.07530864197530869
modular,shortcut,shortcut,careful,0.18395061728395062,1.017283950617284,-0.32345679012345674,-0.21234567901234572,-0.28024691358024684
modular,shortcut,shortcut,shortcut,0.2679012345679012,1.1012345679012345,-0.32345679012345674,-0.2123456790123457,-0.19629629629629627
modular,shortcut,shortcut,distorter,0.3888888888888889,1.222222222222222,-0.32345679012345674,-0.2123456790123457,-0.07530864197530865
modular,shortcut,distorter,careful,0.29012345679012347,1.123456790123457,-0.32345679012345674,-0.10617283950617287,-0.28024691358024684
modular,shortcut,distorter,shortcut,0.3740740740740741,1.2074074074074075,-0.32345679012345674,-0.10617283950617284,-0.19629629629629627
modular,shortcut,distorter,distorter,0.49506172839506174,1.328395061728395,-0.32345679012345674,-0.10617283950617284,-0.07530864197530868
modular,distorter,careful,careful,0.4209876543209877,1.254320987654321,-0.022222222222222233,-0.2765432098765432,-0.28024691358024684
modular,distorter,careful,shortcut,0.5049382716049383,1.3382716049382717,-0.022222222222222254,-0.2765432098765432,-0.19629629629629625
modular,distorter,careful,distorter,0.625925925925926,1.4592592592592593,-0.022222222222222216,-0.2765432098765431,-0.07530864197530869
modular,distorter,shortcut,careful,0.4851851851851852,1.3185185185185184,-0.022222222222222233,-0.21234567901234572,-0.2802469135802468
modular,distorter,shortcut,shortcut,0.5691358024691358,1.402469135802469,-0.022222222222222254,-0.21234567901234574,-0.19629629629629625
modular,distorter,shortcut,distorter,0.6901234567901235,1.5234567901234566,-0.022222222222222216,-0.21234567901234558,-0.07530864197530864
modular,distorter,distorter,careful,0.5913580246913581,1.4246913580246914,-0.022222222222222216,-0.10617283950617286,-0.2802469135802468
modular,distorter,distorter,shortcut,0.6753086419753086,1.508641975308642,-0.022222222222222254,-0.1061728395061729,-0.19629629629629625
modular,distorter,distorter,distorter,0.7962962962962964,1.6296296296296295,-0.022222222222222216,-0.10617283950617275,-0.07530864197530864
majority,careful,careful,careful,0.10246913580246915,0.21502057613168724,-0.2967078189300411,-0.2967078189300411,-0.3041152263374486
majority,careful,careful,shortcut,0.12469135802469136,0.3701646090534979,-0.360082304526749,-0.3662551440329218,-0.14897119341563786
majority,careful,careful,distorter,0.13703703703703704,0.6973251028806584,-0.5211934156378601,-0.5199588477366255,0.17818930041152267
majority,careful,shortcut,careful,0.12222222222222222,0.3133744855967078,-0.33600823045267486,-0.1983539094650206,-0.3434156378600823
majority,careful,shortcut,shortcut,0.21358024691358024,0.4775720164609053,-0.3483539094650206,-0.2588477366255144,-0.17921810699588478
majority,careful,shortcut,distorter,0.2518518518518519,0.8069958847736626,-0.48806584362139915,-0.41028806584362143,0.1502057613168725
majority,careful,distorter,careful,0.13209876543209878,0.6569958847736626,-0.5047325102880658,0.14526748971193418,-0.5084362139917695
majority,careful,distorter,shortcut,0.29629629629629634,0.8333333333333334,-0.46851851851851856,0.09691358024691364,-0.3320987654320987
majority,careful,distorter,distorter,0.7407407407407408,1.2246913580246914,-0.3259259259259259,0.007407407407407453,0.05925925925925932
majority,shortcut,careful,careful,0.12592592592592594,0.29753086419753083,-0.21419753086419752,-0.32716049382716045,-0.33271604938271604
majority,shortcut,careful,shortcut,0.21728395061728398,0.457201646090535,-0.2730452674897119,-0.33662551440329214,-0.1730452674897119
majority,shortcut,careful,distorter,0.22469135802469134,0.7831275720164609,-0.4353909465020577,-0.492798353909465,0.152880658436214
majority,shortcut,shortcut,careful,0.2024691358024691,0.4016460905349794,-0.24773662551440329,-0.22304526748971196,-0.32674897119341567
majority,shortcut,shortcut,shortcut,0.2419753086419753,0.5300411522633744,-0.29588477366255145,-0.26378600823045273,-0.19835390946502057
majority,shortcut,shortcut,distorter,0.27283950617283953,0.8574074074074074,-0.43765432098765433,-0.41851851851851857,0.1290123456790124
majority,shortcut,distorter,careful,0.21234567901234566,0.7436213991769547,-0.41810699588477374,0.11893004115226337,-0.48847736625514404
majority,shortcut,distorter,shortcut,0.30987654320987656,0.8792181069958848,-0.42263374485596716,0.08539094650205764,-0.3528806584362139
majority,shortcut,distorter,distorter,0.7592592592592592,1.272633744855967,-0.2779835390946503,-0.0032921810699588876,0.040534979423868335
majority,distorter,careful,careful,0.12098765432098765,0.676954732510288,0.16522633744855963,-0.5174897119341564,-0.5267489711934157
majority,distorter,careful,shortcut,0.3037037037037037,0.8551440329218106,0.12489711934156378,-0.4726337448559671,-0.348559670781893
majority,distorter,careful,distorter,0.7765432098765431,1.255349794238683,0.036831275720164564,-0.31193415637860084,0.05164609053497944
majority,distorter,shortcut,careful,0.24320987654320989,0.7886831275720164,0.13930041152263373,-0.405761316872428,-0.4903292181069958
majority,distorter,shortcut,shortcut,0.34444444444444444,0.9257201646090535,0.09979423868312755,-0.40205761316872435,-0.3532921810699588
majority,distorter,shortcut,distorter,0.7814814814814814,1.3076131687242798,0.012551440329218067,-0.2596707818930042,0.028600823045267565
majority,distorter,distorter,careful,0.7481481481481481,1.2119341563786008,0.05020576131687237,0.017489711934156382,-0.31954732510288064
majority,distorter,distorter,shortcut,0.7716049382716049,1.3109053497942387,0.009053497942386763,-0.016872427983539082,-0.22057613168724274
majority,distorter,distorter,distorter,0.8049382716049382,1.4847736625514403,-0.06584362139917699,-0.08251028806584365,-0.04670781893004111
gatekeeper,careful,careful,careful,0.10617283950617283,0.20041152263374484,-0.297119341563786,-0.2934156378600823,-0.3032921810699589
gatekeeper,careful,careful,shortcut,0.3345679012345679,0.4288065843621399,-0.297119341563786,-0.2934156378600823,-0.07489711934156376
gatekeeper,careful,careful,distorter,0.8135802469135803,0.9078189300411523,-0.297119341563786,-0.2934156378600823,0.4041152263374487
gatekeeper,careful,shortcut,careful,0.10617283950617283,0.2713991769547325,-0.297119341563786,-0.22242798353909468,-0.3742798353909465
gatekeeper,careful,shortcut,shortcut,0.3345679012345679,0.49979423868312756,-0.297119341563786,-0.22242798353909468,-0.14588477366255143
gatekeeper,careful,shortcut,distorter,0.8135802469135803,0.97880658436214,-0.297119341563786,-0.22242798353909468,0.3331275720164609
gatekeeper,careful,distorter,careful,0.10617283950617283,0.5257201646090535,-0.297119341563786,0.03189300411522637,-0.6286008230452675
gatekeeper,careful,distorter,shortcut,0.3345679012345679,0.7541152263374485,-0.297119341563786,0.03189300411522637,-0.40020576131687247
gatekeeper,careful,distorter,distorter,0.8135802469135803,1.233127572016461,-0.297119341563786,0.03189300411522637,0.07880658436213997
gatekeeper,shortcut,careful,careful,0.10617283950617283,0.24032921810699587,-0.257201646090535,-0.3133744855967078,-0.3232510288065844
gatekeeper,shortcut,careful,shortcut,0.3345679012345679,0.46872427983539094,-0.257201646090535,-0.3133744855967078,-0.09485596707818927
gatekeeper,shortcut,careful,distorter,0.8135802469135803,0.9477366255144033,-0.257201646090535,-0.3133744855967078,0.3841563786008231
gatekeeper,shortcut,shortcut,careful,0.10617283950617283,0.3113168724279835,-0.257201646090535,-0.2423868312757202,-0.394238683127572
gatekeeper,shortcut,shortcut,shortcut,0.3345679012345679,0.5397119341563785,-0.257201646090535,-0.2423868312757202,-0.16584362139917694
gatekeeper,shortcut,shortcut,distorter,0.8135802469135803,1.018724279835391,-0.257201646090535,-0.2423868312757202,0.31316872427983544
gatekeeper,shortcut,distorter,careful,0.10617283950617283,0.5656378600823044,-0.257201646090535,0.011934156378600846,-0.648559670781893
gatekeeper,shortcut,distorter,shortcut,0.3345679012345679,0.7940329218106995,-0.257201646090535,0.011934156378600846,-0.42016460905349795
gatekeeper,shortcut,distorter,distorter,0.8135802469135803,1.273045267489712,-0.257201646090535,0.011934156378600846,0.05884773662551445
gatekeeper,distorter,careful,careful,0.10617283950617283,0.43004115226337447,-0.06748971193415639,-0.4082304526748971,-0.4181069958847736
gatekeeper,distorter,careful,shortcut,0.3345679012345679,0.6584362139917695,-0.06748971193415639,-0.4082304526748971,-0.18971193415637855
gatekeeper,distorter,careful,distorter,0.8135802469135803,1.137448559670782,-0.06748971193415639,-0.4082304526748971,0.2893004115226338
gatekeeper,distorter,shortcut,careful,0.10617283950617283,0.5010288065843621,-0.06748971193415639,-0.33724279835390947,-0.48909465020576126
gatekeeper,distorter,shortcut,shortcut,0.3345679012345679,0.7294238683127572,-0.06748971193415639,-0.33724279835390947,-0.26069958847736624
gatekeeper,distorter,shortcut,distorter,0.8135802469135803,1.2084362139917695,-0.06748971193415639,-0.33724279835390947,0.2183127572016461
gatekeeper,distorter,distorter,careful,0.10617283950617283,0.7553497942386831,-0.06748971193415639,-0.08292181069958844,-0.7434156378600822
gatekeeper,distorter,distorter,shortcut,0.3345679012345679,0.9837448559670782,-0.06748971193415639,-0.08292181069958844,-0.5150205761316873
gatekeeper,distorter,distorter,distorter,0.8135802469135803,1.4627572016460906,-0.06748971193415639,-0.08292181069958844,-0.03600823045267484
